,freq,pow
0,187.5,-79.26973
1,187.50666666666666,-82.63398
2,187.51333333333332,-84.11348
3,187.52,-76.54023
4,187.52666666666667,-79.88008
5,187.53333333333333,-79.33809
6,187.54,-75.93477
7,187.54666666666665,-82.30684
8,187.55333333333334,-77.67793
9,187.56,-77.42402
10,187.56666666666666,-79.86543
11,187.57333333333332,-78.67402
12,187.58,-77.03828
13,187.58666666666667,-73.99141
14,187.59333333333333,-77.40449
15,187.6,-80.63691
16,187.60666666666665,-79.11348
17,187.61333333333334,-80.05586
18,187.62,-80.6418
19,187.62666666666667,-82.18965
20,187.63333333333333,-80.8957
21,187.64,-80.67598
22,187.64666666666668,-81.61836
23,187.65333333333334,-77.92207
24,187.66,-80.09492
25,187.66666666666666,-81.40352
26,187.67333333333335,-80.63691
27,187.68,-78.02949
28,187.68666666666667,-83.49336
29,187.69333333333333,-76.77461
30,187.7,-78.63496
31,187.70666666666668,-82.79512
32,187.71333333333334,-81.50605
33,187.72,-81.99922
34,187.72666666666666,-79.85566
35,187.73333333333332,-81.09102
36,187.74,-79.8752
37,187.74666666666667,-80.39766
38,187.75333333333333,-78.42988
39,187.76,-80.95918
40,187.76666666666668,-77.53633
41,187.77333333333334,-77.98066
42,187.78,-80.89082
43,187.78666666666666,-78.71309
44,187.79333333333332,-81.41328
45,187.8,-82.00898
46,187.80666666666667,-80.6418
47,187.81333333333333,-81.26191
48,187.82,-79.25508
49,187.82666666666665,-80.90547
50,187.83333333333334,-78.67402
51,187.84,-80.71504
52,187.84666666666666,-79.83613
53,187.85333333333332,-80.28047
54,187.86,-78.21992
55,187.86666666666667,-78.36152
56,187.87333333333333,-75.71016
57,187.88,-78.15645
58,187.88666666666666,-77.91719
59,187.89333333333335,-77.71211
60,187.9,-81.09102
61,187.90666666666667,-78.5373
62,187.91333333333333,-77.4582
63,187.92,-83.73262
64,187.92666666666668,-79.31855
65,187.93333333333334,-77.74141
66,187.94,-81.10078
67,187.94666666666666,-81.33027
68,187.95333333333335,-76.29121
69,187.96,-76.55977
70,187.96666666666667,-78.85469
71,187.97333333333333,-76.98945
72,187.98,-77.09687
73,187.98666666666668,-76.0959
74,187.99333333333334,-78.95723
75,188.0,-80.66133
76,188.00666666666666,-79.57734
77,188.01333333333332,-79.29902
78,188.02,-79.67012
79,188.02666666666667,-75.22187
80,188.03333333333333,-79.30879
81,188.04,-79.13301
82,188.04666666666665,-80.53926
83,188.05333333333334,-77.87812
84,188.06,-74.62617
85,188.06666666666666,-78.79121
86,188.07333333333332,-79.46992
87,188.08,-76.85762
88,188.08666666666667,-77.86348
89,188.09333333333333,-77.84395
90,188.1,-76.99434
91,188.10666666666665,-74.77754
92,188.11333333333334,-78.39082
93,188.12,-80.96406
94,188.12666666666667,-78.21992
95,188.13333333333333,-81.65742
96,188.14,-78.72285
97,188.14666666666668,-78.63496
98,188.15333333333334,-79.99238
99,188.16,-80.5832
100,188.16666666666666,-79.02559
101,188.17333333333335,-77.89277
102,188.18,-79.75312
103,188.18666666666667,-78.36641
104,188.19333333333333,-78.84004
105,188.2,-80.8957
106,188.20666666666668,-76.82832
107,188.21333333333334,-75.75898
108,188.22,-78.49824
109,188.22666666666666,-78.83027
110,188.23333333333332,-77.10176
111,188.24,-77.62422
112,188.24666666666667,-78.97187
113,188.25333333333333,-76.94062
114,188.26,-76.76484
115,188.26666666666668,-75.68086
116,188.27333333333334,-79.47969
117,188.28,-79.29414
118,188.28666666666666,-76.28633
119,188.29333333333332,-81.82344
120,188.3,-77.25801
121,188.30666666666667,-80.96406
122,188.31333333333333,-79.88008
123,188.32,-75.00215
124,188.32666666666665,-76.08613
125,188.33333333333334,-78.67891
126,188.34,-75.99824
127,188.34666666666666,-77.89277
128,188.35333333333332,-80.27559
129,188.36,-75.68086
130,188.36666666666667,-76.06172
131,188.37333333333333,-77.99531
132,188.38,-78.75215
133,188.38666666666666,-81.10566
134,188.39333333333335,-74.2502
135,188.4,-73.34687
136,188.40666666666667,-76.82344
137,188.41333333333333,-78.69844
138,188.42,-77.2873
139,188.42666666666668,-77.97578
140,188.43333333333334,-74.71406
141,188.44,-79.01582
142,188.44666666666666,-75.42695
143,188.45333333333335,-77.72676
144,188.46,-77.55586
145,188.46666666666667,-75.63203
146,188.47333333333333,-79.67012
147,188.48,-79.32344
148,188.48666666666668,-74.20625
149,188.49333333333334,-75.76875
150,188.5,-75.95918
151,188.50666666666666,-77.81953
152,188.51333333333332,-74.82148
153,188.52,-78.74727
154,188.52666666666667,-75.78828
155,188.53333333333333,-74.57734
156,188.54,-74.30391
157,188.54666666666665,-73.36152
158,188.55333333333334,-76.13496
159,188.56,-75.31953
160,188.56666666666666,-72.9123
161,188.57333333333332,-74.59687
162,188.58,-77.8293
163,188.58666666666667,-77.24336
164,188.59333333333333,-73.85469
165,188.6,-75.61738
166,188.60666666666665,-74.54805
167,188.61333333333334,-77.40449
168,188.62,-73.38594
169,188.62666666666667,-77.66328
170,188.63333333333333,-74.55781
171,188.64,-75.93965
172,188.64666666666668,-77.16523
173,188.65333333333334,-76.91621
174,188.66,-74.09883
175,188.66666666666666,-74.76777
176,188.67333333333335,-72.76094
177,188.68,-74.88496
178,188.68666666666667,-79.40645
179,188.69333333333333,-72.86836
180,188.7,-79.34785
181,188.70666666666668,-77.67305
182,188.71333333333334,-72.50703
183,188.72,-75.73945
184,188.72666666666666,-72.175
185,188.73333333333332,-72.74629
186,188.74,-76.01289
187,188.74666666666667,-75.37324
188,188.75333333333333,-76.75508
189,188.76,-75.50996
190,188.76666666666668,-75.51484
191,188.77333333333334,-75.62715
192,188.78,-73.82051
193,188.78666666666666,-76.08613
194,188.79333333333332,-73.50312
195,188.8,-78.66426
196,188.80666666666667,-75.55391
197,188.81333333333333,-72.05293
198,188.82,-75.24629
199,188.82666666666665,-73.21016
200,188.83333333333334,-72.78047
201,188.84,-75.13398
202,188.84666666666666,-73.12715
203,188.85333333333332,-75.08027
204,188.86,-76.47676
205,188.86666666666667,-74.21113
206,188.87333333333333,-75.09492
207,188.88,-74.21113
208,188.88666666666666,-76.73066
209,188.89333333333335,-72.89277
210,188.9,-73.40547
211,188.90666666666667,-78.20527
212,188.91333333333333,-80.02168
213,188.92,-69.8166
214,188.92666666666668,-72.04805
215,188.93333333333334,-75.63691
216,188.94,-75.17305
217,188.94666666666666,-77.69746
218,188.95333333333335,-70.66621
219,188.96,-78.79121
220,188.96666666666667,-77.3752
221,188.97333333333333,-73.54219
222,188.98,-71.92109
223,188.98666666666668,-73.7082
224,188.99333333333334,-74.29902
225,189.0,-68.05391
226,189.00666666666666,-71.59883
227,189.01333333333332,-72.44844
228,189.02,-76.15449
229,189.02666666666667,-74.05977
230,189.03333333333333,-71.78926
231,189.04,-72.0627
232,189.04666666666668,-71.72578
233,189.05333333333334,-72.39473
234,189.06,-74.91914
235,189.06666666666666,-72.4875
236,189.07333333333332,-71.62324
237,189.08,-73.61543
238,189.08666666666667,-73.17109
239,189.09333333333333,-72.68281
240,189.1,-72.48262
241,189.10666666666665,-74.18184
242,189.11333333333334,-70.21699
243,189.12,-70.99336
244,189.12666666666667,-70.56367
245,189.13333333333333,-71.01777
246,189.14,-73.73262
247,189.14666666666668,-72.3752
248,189.15333333333334,-70.7248
249,189.16,-69.61152
250,189.16666666666666,-71.99922
251,189.17333333333335,-76.07637
252,189.18,-75.89082
253,189.18666666666667,-70.68086
254,189.19333333333333,-76.04219
255,189.2,-72.67305
256,189.20666666666668,-72.22871
257,189.21333333333334,-74.59687
258,189.22,-73.47383
259,189.22666666666666,-71.94551
260,189.23333333333332,-73.35176
261,189.24,-70.86641
262,189.24666666666667,-73.45918
263,189.25333333333333,-72.81953
264,189.26,-72.29707
265,189.26666666666668,-69.54805
266,189.27333333333334,-70.87617
267,189.28,-73.1125
268,189.28666666666666,-70.65156
269,189.29333333333332,-71.74531
270,189.3,-67.88301
271,189.30666666666667,-72.89766
272,189.31333333333333,-70.93965
273,189.32,-73.34199
274,189.32666666666665,-73.62031
275,189.33333333333334,-71.37422
276,189.34,-72.86836
277,189.34666666666666,-70.24141
278,189.35333333333332,-71.05684
279,189.36,-71.45723
280,189.36666666666667,-70.50996
281,189.37333333333333,-69.20137
282,189.38,-73.36641
283,189.38666666666666,-72.64863
284,189.39333333333335,-71.58418
285,189.4,-71.11543
286,189.40666666666667,-70.43184
287,189.41333333333333,-69.75801
288,189.42,-68.97676
289,189.42666666666668,-74.17695
290,189.43333333333334,-71.06172
291,189.44,-70.71504
292,189.44666666666666,-70.40254
293,189.45333333333335,-70.48555
294,189.46,-68.23945
295,189.46666666666667,-67.98066
296,189.47333333333333,-67.26289
297,189.48,-72.11152
298,189.48666666666668,-69.94844
299,189.49333333333334,-71.60859
300,189.5,-70.54902
301,189.50666666666666,-71.27656
302,189.51333333333332,-73.86934
303,189.52,-70.6125
304,189.52666666666667,-67.76582
305,189.53333333333333,-71.22773
306,189.54,-72.87324
307,189.54666666666668,-72.15547
308,189.55333333333334,-69.58711
309,189.56,-71.93086
310,189.56666666666666,-70.14375
311,189.57333333333332,-68.84004
312,189.58,-70.85664
313,189.58666666666667,-71.8625
314,189.59333333333333,-79.25508
315,189.6,-72.32637
316,189.60666666666665,-72.05781
317,189.61333333333334,-76.16426
318,189.62,-75.79316
319,189.62666666666667,-69.78242
320,189.63333333333333,-72.41426
321,189.64,-71.8918
322,189.64666666666668,-70.58809
323,189.65333333333334,-70.17793
324,189.66,-76.05195
325,189.66666666666666,-73.46406
326,189.67333333333335,-73.94258
327,189.68,-71.19844
328,189.68666666666667,-72.59004
329,189.69333333333333,-75.25605
330,189.7,-72.53145
331,189.70666666666668,-71.64766
332,189.71333333333334,-73.27363
333,189.72,-69.93379
334,189.72666666666666,-69.76289
335,189.73333333333332,-71.85273
336,189.74,-69.50898
337,189.74666666666667,-72.13105
338,189.75333333333333,-71.47187
339,189.76,-70.31465
340,189.76666666666668,-70.40742
341,189.77333333333334,-72.70234
342,189.78,-71.02754
343,189.78666666666666,-72.38496
344,189.79333333333332,-72.83418
345,189.8,-70.94941
346,189.80666666666667,-71.28633
347,189.81333333333333,-71.3791
348,189.82,-70.3293
349,189.82666666666665,-70.6125
350,189.83333333333334,-73.57148
351,189.84,-71.71113
352,189.84666666666666,-76.3791
353,189.85333333333332,-73.13203
354,189.86,-74.89473
355,189.86666666666667,-77.81953
356,189.87333333333333,-72.93184
357,189.88,-74.53828
358,189.88666666666666,-72.61445
359,189.89333333333335,-71.39863
360,189.9,-74.69453
361,189.90666666666667,-70.23652
362,189.91333333333333,-69.49922
363,189.92,-69.92402
364,189.92666666666668,-74.2209
365,189.93333333333334,-72.04316
366,189.94,-69.33809
367,189.94666666666666,-75.41719
368,189.95333333333335,-75.97383
369,189.96,-72.9416
370,189.96666666666667,-70.6125
371,189.97333333333333,-74.42109
372,189.98,-71.89668
373,189.98666666666668,-72.34102
374,189.99333333333334,-71.27168
375,190.0,-70.09004
376,190.00666666666666,-74.3625
377,190.01333333333332,-70.37324
378,190.02,-71.53047
379,190.02666666666667,-73.92793
380,190.03333333333333,-72.78047
381,190.04,-70.87129
382,190.04666666666668,-73.33711
383,190.05333333333334,-74.63105
384,190.06,-74.9582
385,190.06666666666666,-72.75605
386,190.07333333333332,-71.68672
387,190.08,-72.13105
388,190.08666666666667,-74.78242
389,190.09333333333333,-72.78047
390,190.1,-74.03535
391,190.10666666666665,-72.24336
392,190.11333333333334,-73.54707
393,190.12,-76.24238
394,190.12666666666667,-73.29316
395,190.13333333333333,-73.82539
396,190.14,-74.5041
397,190.14666666666668,-73.50801
398,190.15333333333334,-74.11836
399,190.16,-74.37715
400,190.16666666666666,-73.51289
401,190.17333333333335,-71.7209
402,190.18,-75.60273
403,190.18666666666667,-76.2668
404,190.19333333333333,-79.94355
405,190.2,-74.6457
406,190.20666666666668,-75.76387
407,190.21333333333334,-73.21016
408,190.22,-73.16621
409,190.22666666666666,-75.37812
410,190.23333333333332,-75.20723
411,190.24,-76.96992
412,190.24666666666667,-76.44746
413,190.25333333333333,-75.84199
414,190.26,-76.78926
415,190.26666666666668,-76.0959
416,190.27333333333334,-76.85762
417,190.28,-76.16914
418,190.28666666666666,-74.29414
419,190.29333333333332,-76.68672
420,190.3,-77.22383
421,190.30666666666667,-76.44746
422,190.31333333333333,-75.26582
423,190.32,-71.75508
424,190.32666666666665,-73.76191
425,190.33333333333334,-74.72871
426,190.34,-74.08906
427,190.34666666666666,-75.79805
428,190.35333333333332,-78.2541
429,190.36,-71.96992
430,190.36666666666667,-79.04023
431,190.37333333333333,-73.91816
432,190.38,-74.61152
433,190.38666666666666,-74.70918
434,190.39333333333335,-75.22187
435,190.4,-77.6877
436,190.40666666666667,-73.46406
437,190.41333333333333,-78.9084
438,190.42,-76.8332
439,190.42666666666668,-75.93477
440,190.43333333333334,-75.50996
441,190.44,-72.99531
442,190.44666666666666,-75.20234
443,190.45333333333335,-71.7209
444,190.46,-75.32441
445,190.46666666666667,-74.4748
446,190.47333333333333,-73.11738
447,190.48,-80.43672
448,190.48666666666668,-77.00898
449,190.49333333333334,-75.11934
450,190.5,-76.38398
451,190.50666666666666,-76.8332
452,190.51333333333332,-76.42305
453,190.52,-77.26289
454,190.52666666666667,-72.89277
455,190.53333333333333,-78.19062
456,190.54,-77.11152
457,190.54666666666668,-70.95918
458,190.55333333333334,-74.31367
459,190.56,-74.82637
460,190.56666666666666,-75.53437
461,190.57333333333332,-78.86445
462,190.58,-76.92598
463,190.58666666666667,-75.75898
464,190.59333333333333,-80.38789
465,190.6,-77.80977
466,190.60666666666665,-77.44844
467,190.61333333333334,-75.23652
468,190.62,-79.3625
469,190.62666666666667,-78.58613
470,190.63333333333333,-78.92793
471,190.64,-73.48848
472,190.64666666666668,-77.35078
473,190.65333333333334,-79.82637
474,190.66,-77.90742
475,190.66666666666666,-76.12031
476,190.67333333333335,-74.86055
477,190.68,-77.24336
478,190.68666666666667,-76.75996
479,190.69333333333333,-76.51094
480,190.7,-77.65352
481,190.70666666666668,-77.5998
482,190.71333333333334,-79.58711
483,190.72,-77.05781
484,190.72666666666666,-78.46895
485,190.73333333333332,-76.41816
486,190.74,-76.98457
487,190.74666666666667,-76.10566
488,190.75333333333333,-78.44941
489,190.76,-76.80391
490,190.76666666666668,-75.40742
491,190.77333333333334,-78.98652
492,190.78,-78.39082
493,190.78666666666666,-75.13887
494,190.79333333333332,-74.83125
495,190.8,-75.925
496,190.80666666666667,-77.41914
497,190.81333333333333,-74.82148
498,190.82,-77.75605
499,190.82666666666665,-78.10762
500,190.83333333333334,-78.84492
501,190.84,-76.66719
502,190.84666666666666,-79.10859
503,190.85333333333332,-81.21309
504,190.86,-78.05391
505,190.86666666666667,-74.80195
506,190.87333333333333,-79.2209
507,190.88,-80.74922
508,190.88666666666666,-78.84492
509,190.89333333333335,-79.23555
510,190.9,-79.11348
511,190.90666666666667,-75.72969
512,190.91333333333333,-76.13496
513,190.92,-74.07441
514,190.92666666666668,-77.57539
515,190.93333333333334,-78.00508
516,190.94,-80.54902
517,190.94666666666666,-77.90742
518,190.95333333333335,-77.02363
519,190.96,-75.58809
520,190.96666666666667,-78.02949
521,190.97333333333333,-75.56855
522,190.98,-73.52754
523,190.98666666666668,-75.19746
524,190.99333333333334,-79.29902
525,191.0,-74.50898
526,191.00666666666666,-75.45625
527,191.01333333333332,-76.82832
528,191.02,-76.19844
529,191.02666666666667,-77.50215
530,191.03333333333333,-76.54512
531,191.04,-74.23066
532,191.04666666666668,-78.81074
533,191.05333333333334,-75.69062
534,191.06,-76.25215
535,191.06666666666666,-78.26875
536,191.07333333333332,-77.65352
537,191.08,-76.91133
538,191.08666666666667,-73.91328
539,191.09333333333333,-75.11445
540,191.1,-79.85566
541,191.10666666666665,-75.57344
542,191.11333333333334,-75.4416
543,191.12,-77.31172
544,191.12666666666667,-76.06172
545,191.13333333333333,-76.01289
546,191.14,-77.64375
547,191.14666666666668,-84.8752
548,191.15333333333334,-76.81855
549,191.16,-75.9543
550,191.16666666666666,-77.92695
551,191.17333333333335,-77.52168
552,191.18,-75.96406
553,191.18666666666667,-76.70137
554,191.19333333333333,-77.32637
555,191.2,-80.91035
556,191.20666666666668,-77.85859
557,191.21333333333334,-75.85664
558,191.22,-76.70137
559,191.22666666666666,-77.83906
560,191.23333333333332,-77.4875
561,191.24,-80.26582
562,191.24666666666667,-76.07148
563,191.25333333333333,-80.21699
564,191.26,-75.19258
565,191.26666666666668,-79.91426
566,191.27333333333334,-79.78242
567,191.28,-78.8791
568,191.28666666666666,-79.61152
569,191.29333333333332,-78.64473
570,191.3,-81.27168
571,191.30666666666667,-76.37422
572,191.31333333333333,-78.95234
573,191.32,-81.80879
574,191.32666666666665,-78.06855
575,191.33333333333334,-79.94355
576,191.34,-78.75703
577,191.34666666666666,-77.04805
578,191.35333333333332,-81.01777
579,191.36,-83.82051
580,191.36666666666667,-80.68086
581,191.37333333333333,-76.61836
582,191.38,-75.00703
583,191.38666666666666,-78.9084
584,191.39333333333335,-82.2873
585,191.4,-77.35078
586,191.40666666666667,-77.9416
587,191.41333333333333,-79.95332
588,191.42,-79.91426
589,191.42666666666668,-78.40059
590,191.43333333333334,-81.5207
591,191.44,-78.63984
592,191.44666666666666,-77.61445
593,191.45333333333335,-77.33125
594,191.46,-78.35664
595,191.46666666666667,-76.7209
596,191.47333333333333,-81.57441
597,191.48,-76.85762
598,191.48666666666668,-79.91426
599,191.49333333333334,-75.03145
600,191.5,-75.27559
601,191.50666666666666,-81.13008
602,191.51333333333332,-80.53437
603,191.52,-81.02754
604,191.52666666666667,-75.81758
605,191.53333333333333,-78.74238
606,191.54,-77.75605
607,191.54666666666668,-77.4582
608,191.55333333333334,-76.8332
609,191.56,-79.20137
610,191.56666666666666,-77.0334
611,191.57333333333332,-79.44062
612,191.58,-77.63887
613,191.58666666666667,-77.96602
614,191.59333333333333,-81.62812
615,191.6,-74.67012
616,191.60666666666665,-75.52949
617,191.61333333333334,-78.49824
618,191.62,-80.10469
619,191.62666666666667,-78.11738
620,191.63333333333333,-81.14961
621,191.64,-79.40645
622,191.64666666666668,-80.99824
623,191.65333333333334,-76.68672
624,191.66,-78.38594
625,191.66666666666666,-82.60469
626,191.67333333333335,-78.95234
627,191.68,-80.41719
628,191.68666666666667,-80.70527
629,191.69333333333333,-75.18281
630,191.7,-78.27852
631,191.70666666666668,-77.96113
632,191.71333333333334,-82.85371
633,191.72,-75.35371
634,191.72666666666666,-78.61543
635,191.73333333333332,-77.41426
636,191.74,-76.21309
637,191.74666666666667,-80.66133
638,191.75333333333333,-75.46602
639,191.76,-76.84297
640,191.76666666666668,-76.85273
641,191.77333333333334,-79.34297
642,191.78,-82.0334
643,191.78666666666666,-81.46211
644,191.79333333333332,-82.29219
645,191.8,-76.90645
646,191.80666666666667,-78.81562
647,191.81333333333333,-78.57637
648,191.82,-75.01191
649,191.82666666666665,-77.42402
650,191.83333333333334,-81.2375
651,191.84,-78.43477
652,191.84666666666666,-78.61055
653,191.85333333333332,-76.74531
654,191.86,-79.46016
655,191.86666666666667,-76.75508
656,191.87333333333333,-81.98457
657,191.88,-77.84883
658,191.88666666666666,-81.60371
659,191.89333333333335,-76.91621
660,191.9,-76.62324
661,191.90666666666667,-80.5832
662,191.91333333333333,-78.81562
663,191.92,-80.79805
664,191.92666666666668,-79.58223
665,191.93333333333334,-76.58906
666,191.94,-80.18281
667,191.94666666666666,-80.60762
668,191.95333333333335,-83.5666
669,191.96,-84.60176
670,191.96666666666667,-82.93672
671,191.97333333333333,-81.55
672,191.98,-84.23555
673,191.98666666666668,-76.85273
674,191.99333333333334,-76.33027
675,192.0,-78.45918
676,192.00666666666666,-80.79805
677,192.01333333333332,-79.75312
678,192.02,-77.84883
679,192.02666666666667,-80.28535
680,192.03333333333333,-75.2707
681,192.04,-79.93867
682,192.04666666666668,-79.15254
683,192.05333333333334,-78.74727
684,192.06,-80.86152
685,192.06666666666666,-78.18574
686,192.07333333333332,-80.10469
687,192.08,-77.14082
688,192.08666666666667,-82.36543
689,192.09333333333333,-79.72383
690,192.1,-81.45234
691,192.10666666666665,-80.11445
692,192.11333333333334,-79.72383
693,192.12,-77.97578
694,192.12666666666667,-82.70234
695,192.13333333333333,-79.10371
696,192.14,-80.25605
697,192.14666666666668,-86.24238
698,192.15333333333334,-78.8791
699,192.16,-80.14863
700,192.16666666666666,-80.65645
701,192.17333333333335,-80.00703
702,192.18,-78.52266
703,192.18666666666667,-81.85762
704,192.19333333333333,-77.99043
705,192.2,-80.12422
706,192.20666666666668,-80.88105
707,192.21333333333334,-78.35176
708,192.22,-79.73848
709,192.22666666666666,-80.01191
710,192.23333333333332,-80.62715
711,192.24,-79.11348
712,192.24666666666667,-77.32148
713,192.25333333333333,-80.34395
714,192.26,-79.78242
715,192.26666666666668,-78.79121
716,192.27333333333334,-78.50312
717,192.28,-77.4582
718,192.28666666666666,-76.79414
719,192.29333333333332,-76.16426
720,192.3,-77.81465
721,192.30666666666667,-79.17207
722,192.31333333333333,-78.19551
723,192.32,-75.59297
724,192.32666666666665,-78.94258
725,192.33333333333334,-81.08125
726,192.34,-78.71309
727,192.34666666666666,-75.5832
728,192.35333333333332,-81.90645
729,192.36,-76.71113
730,192.36666666666667,-75.49531
731,192.37333333333333,-80.28535
732,192.38,-78.24434
733,192.38666666666666,-76.30586
734,192.39333333333335,-80.9543
735,192.4,-80.38301
736,192.40666666666667,-78.82539
737,192.41333333333333,-81.2082
738,192.42,-78.30293
739,192.42666666666668,-82.175
740,192.43333333333334,-75.0168
741,192.44,-77.2043
742,192.44666666666666,-83.32734
743,192.45333333333335,-77.30195
744,192.46,-78.94746
745,192.46666666666667,-81.54023
746,192.47333333333333,-77.82441
747,192.48,-78.55684
748,192.48666666666668,-82.2043
749,192.49333333333334,-80.92012
750,192.5,-79.85078
