S11,S21,freq
(-0.5467664536760846-0.47115783905167624j),(0.00047117696718614987+0.003329357944072125j),1000000000
(-0.5664761881228552-0.4514281769349371j),(0.0005904857013184691+0.0034126119797299025j),1005300000
(-0.5859250493765971-0.4293172567352208j),(0.0007055689451620536+0.0033480008001401974j),1010600000
(-0.6033818097853363-0.40805309451041094j),(0.0007986818874993203+0.003286730772881388j),1015900000
(-0.6201794078636629-0.3850470345505513j),(0.0009459309495001142+0.0033414924405120896j),1021200000
(-0.6356597815229312-0.3619943958976497j),(0.0010772776239432685+0.0032982205189864095j),1026500000
(-0.6502187445382803-0.33868324348469214j),(0.0012118509148999982+0.003193970619985477j),1031800000
(-0.6635606548786653-0.31511358671270717j),(0.001362817887329762+0.003166374900148556j),1037100000
(-0.6771538702212695-0.2905184767765063j),(0.0014753798402467712+0.0031164882354844815j),1042400000
(-0.6887629306748817-0.2664877584665409j),(0.001584682608425632+0.0030301747025229288j),1047700000
(-0.698433658254328-0.24249883485542703j),(0.0017237884971783072+0.002935830731390008j),1053000000
(-0.7089682247181635-0.2175128964753023j),(0.0018217932791610568+0.002892041120200289j),1058300000
(-0.7188365042371823-0.19327219139539045j),(0.0019837447591553006+0.0028783415357938546j),1063600000
(-0.7263170748960183-0.16927759209615995j),(0.0020402573542954157+0.002762527057212954j),1068900000
(-0.7330207894445674-0.1444549520453511j),(0.002176334154431339+0.0026856121096913888j),1074200000
(-0.7392315880348254-0.11865029863498533j),(0.0022614729747479716+0.0025806035356006445j),1079500000
(-0.7442045021912918-0.09489833958458165j),(0.0023269850104531108+0.0024606884927780505j),1084800000
(-0.7492512337202578-0.06970420336836455j),(0.0023873184768028587+0.002394172223144431j),1090100000
(-0.7526179039031944-0.04551183999130263j),(0.002556889824030171+0.002332516637138803j),1095400000
(-0.755242552702708-0.021355093589388988j),(0.0025905686891550058+0.0022242254705342737j),1100700000
(-0.7574445534550366+0.0034436936266105567j),(0.0026861024708423505+0.0020939337721169113j),1106000000
(-0.7582269980145434+0.028025845154591663j),(0.0027350766279563496+0.0019789229011932894j),1111300000
(-0.7585528885718145+0.05214603758478611j),(0.002804990363542777+0.001792861600924447j),1116600000
(-0.7585649429211652+0.07668877298602426j),(0.002897892891446995+0.001756469533495869j),1121900000
(-0.7563063071609871+0.09951012291393402j),(0.002928264648398108+0.0016513940283560873j),1127200000
(-0.7554146866172117+0.12430595826328246j),(0.002951218320599455+0.0015215157568718189j),1132500000
(-0.7526548290259578+0.14580469441689403j),(0.00298455507074964+0.0014015642994347304j),1137800000
(-0.7495569499927482+0.16972663996876386j),(0.0029659545429458036+0.0012830926519502928j),1143100000
(-0.7449822773317893+0.19206068966464931j),(0.003118241857734129+0.0011704559068801503j),1148400000
(-0.7396731029616398+0.21529465355590718j),(0.0030465145508221437+0.0011076747420639148j),1153700000
(-0.7342535360836071+0.2380170773190543j),(0.0031052125357283276+0.0009475300082688332j),1159000000
(-0.7277499138531329+0.2600966625489467j),(0.003166463927583238+0.0008695743619848625j),1164300000
(-0.7207442913546858+0.28145910836605625j),(0.0031078458393913612+0.0007295216705205565j),1169600000
(-0.7129577547157682+0.30161200616216094j),(0.0031640575128881756+0.0006221257957642065j),1174900000
(-0.7052650163802592+0.32498470798287166j),(0.003161255906988077+0.0005625287369976185j),1180200000
(-0.6957994452261744+0.34388218785571234j),(0.0031459931266285043+0.00045294837801428806j),1185500000
(-0.6866222476828514+0.36408349524619693j),(0.0032014202202453775+0.00036558746455862075j),1190800000
(-0.6759958171877294+0.38407675167587946j),(0.0031109323510754637+0.00024620917252840405j),1196100000
(-0.6650247316179556+0.40421533681834865j),(0.003113852831140779+0.00011717976399175309j),1201400000
(-0.6540080937556858+0.4222574389059773j),(0.003131874940038599+6.854481668523494e-05j),1206700000
(-0.642273274413984+0.44167144648778256j),(0.0030888839560543804-2.4391757396658236e-05j),1212000000
(-0.6303290457572294+0.4575929411669014j),(0.0031518466866998322-0.0001439791910536141j),1217300000
(-0.6179126457212064+0.4765033084311451j),(0.003178866358201783-0.0002698448875590574j),1222600000
(-0.6027357567800464+0.4951255214308703j),(0.0031325647496383744-0.0002472832728715493j),1227900000
(-0.5902692328640305+0.5109571921215245j),(0.0030641379820775198-0.00035043852016636333j),1233200000
(-0.575223892521856+0.526876781568528j),(0.0031073190570260647-0.0004589220850604301j),1238500000
(-0.5601513789102677+0.5434021436035219j),(0.003107258812026463-0.0005700226729358883j),1243800000
(-0.5450798079583509+0.5581786684235142j),(0.003135146310471652-0.0006776007197039816j),1249100000
(-0.528624355366027+0.5744064490278885j),(0.003080913759627581-0.0008031173495919796j),1254400000
(-0.5125959980037802+0.5877821772097176j),(0.0030692596456753578-0.0008423039250892409j),1259700000
(-0.49552796663957116+0.6007609136119754j),(0.0030282753065360474-0.0009059298173835807j),1265000000
(-0.47728365525585337+0.6142274836437552j),(0.0030227479223174443-0.0010292354444382092j),1270300000
(-0.46158251064917544+0.6283474062607403j),(0.003040096092259462-0.001045953152245103j),1275600000
(-0.44319155856493214+0.6398335208861539j),(0.003008934488637206-0.001167963379257742j),1280900000
(-0.4247831311678374+0.6530539606586222j),(0.0030019553878814936-0.001256540092143441j),1286200000
(-0.4067675503798362+0.663235394736937j),(0.002995074779055457-0.0013632673388611666j),1291500000
(-0.38656859112007463+0.6753019815358176j),(0.002983323982022918-0.0014539224704130432j),1296800000
(-0.3689391362876062+0.6853242562274933j),(0.0029144699330521757-0.0015763158378548268j),1302100000
(-0.34771856842802196+0.6940853813338402j),(0.00290487850298727-0.0017137049898006704j),1307400000
(-0.3282392950281109+0.7046041726684219j),(0.002914252862653312-0.0017958357353538036j),1312700000
(-0.30794789496419295+0.7124382263233127j),(0.0028122073400002755-0.0019877470558608075j),1318000000
(-0.2869800207200593+0.7205364027182541j),(0.0027265007507587405-0.0020354645077194696j),1323300000
(-0.2664033088286271+0.7282621069866534j),(0.002804477086973201-0.002125882014940487j),1328600000
(-0.24704841039103592+0.7343973524096082j),(0.002664865738475437-0.0022295720987872848j),1333900000
(-0.22391696888283263+0.7410946042110416j),(0.00268773967339631-0.0022943499079419354j),1339200000
(-0.20335820518906866+0.7468022234017428j),(0.002687338264915266-0.0024345645231655657j),1344500000
(-0.18230248784438202+0.7522416827473533j),(0.002697995905568313-0.0025557469938665574j),1349800000
(-0.16236547300332357+0.7550264179158931j),(0.002712832013424645-0.002804802518281132j),1355100000
(-0.13878659148315023+0.7588594601052283j),(0.0025899978218503535-0.0031491041683161416j),1360400000
(-0.12103746738241518+0.7640039344564461j),(0.0024407455024917026-0.0034316527090866526j),1365700000
(-0.09759508052350875+0.7649611609084432j),(0.0021368196951688113-0.0036994036027465033j),1371000000
(-0.07587188311980199+0.7690598891963407j),(0.0016191571572806583-0.00382471548560562j),1376300000
(-0.05419341370406406+0.769838574184788j),(0.0012562274450383638-0.0037129618442162354j),1381600000
(-0.03153129448814919+0.7710704831703828j),(0.0010324892880567676-0.00349030559558397j),1386900000
(-0.011193247229692704+0.7686174575243322j),(0.0009215099650184839-0.0033439520457137226j),1392200000
(0.014223385309535238+0.7703795752280128j),(0.0009071135636946539-0.0032790173955394002j),1397500000
(0.03460437935306045+0.7698895042434938j),(0.0009033278652087797-0.0032197007710742112j),1402800000
(0.05860860740132776+0.7664616796860526j),(0.0009489124126870475-0.003342694307940388j),1408100000
(0.08015739864330518+0.763898495894706j),(0.0007627385435239674-0.003393984006263432j),1413400000
(0.1026312940857389+0.759622359246631j),(0.0006223681819639812-0.0033436026577551717j),1418700000
(0.1241163853560653+0.7575969662864798j),(0.0005317700763813213-0.003374868226181489j),1424000000
(0.14708583061565042+0.7508628292275977j),(0.0004958093765747838-0.003360263392327426j),1429300000
(0.16754129421986189+0.7448339458593305j),(0.00040036064965546646-0.003281510088211138j),1434600000
(0.189218000152295+0.7381339961910302j),(0.0003046449573558267-0.0032879918176017685j),1439900000
(0.210329292730726+0.7312521574729688j),(0.00029575919478947354-0.0033630001254260767j),1445200000
(0.2328712482004488+0.7237695860618971j),(0.00016818328411224791-0.0033952838492384047j),1450500000
(0.2542862946440901+0.7152367586978428j),(7.207274120518478e-05-0.0034442041120317903j),1455800000
(0.27290790137627136+0.7071193869739965j),(-7.32863998575022e-05-0.003513462013645667j),1461100000
(0.2961896954631136+0.6962978948547607j),(-0.0002404215692240655-0.0035130894818203445j),1466400000
(0.31504412829518424+0.6849581769960669j),(-0.0002654306001228007-0.0035255834293789557j),1471700000
(0.3353313137969275+0.6738890635448372j),(-0.00038631901363143115-0.0035080252848137482j),1477000000
(0.3548165152928609+0.6616686812933481j),(-0.0005131685445990098-0.003532000282375871j),1482300000
(0.3747101180976032+0.6503378645207881j),(-0.0007066261938419368-0.003547640749224281j),1487600000
(0.3930858686775029+0.6383502906793362j),(-0.0007629167642935062-0.0035093786746155605j),1492900000
(0.4127706128042863+0.6226877823960371j),(-0.0009091736020144463-0.003458517261372817j),1498200000
(0.42975027432032936+0.609858464413742j),(-0.0010191080605244682-0.003444942409810849j),1503500000
(0.44818453662301094+0.5949222138644549j),(-0.0011616837013622152-0.0034147507113933017j),1508800000
(0.46578518742434244+0.5790063606990651j),(-0.0012618837227071481-0.0033761302347142842j),1514100000
(0.48360232628951366+0.5626102096196681j),(-0.0014138360631194672-0.0033130819780287095j),1519400000
(0.4996812336199397+0.5477051328815434j),(-0.0015207550647936227-0.003258597214982758j),1524700000
(0.5151014859860222+0.5295024770445076j),(-0.0015734410963873964-0.003196462274898469j),1530000000
(0.5153410675456112+0.5303110205117131j),(-0.0015656893894210216-0.003223187617586414j),1530000000
(0.5324775071904618+0.511105340496754j),(-0.0017070615491329533-0.003189928511631537j),1535300000
(0.5467786114186794+0.4949020862610774j),(-0.001755972631066206-0.003089832010458333j),1540600000
(0.5621277193777441+0.4759017670171197j),(-0.0018750527507540287-0.0030299524081990317j),1545900000
(0.5752310813822619+0.4580718575251447j),(-0.0019672827621229315-0.0030212273863581738j),1551200000
(0.5889198017636889+0.43711615948907334j),(-0.0020811621356578492-0.0029495030380532125j),1556500000
(0.6031383060341885+0.41686866962550045j),(-0.0021821868081588805-0.002852053940881911j),1561800000
(0.6144843069807324+0.39762925457810044j),(-0.0022470715204988-0.002883163638698331j),1567100000
(0.6255313155597598+0.3785444515030058j),(-0.0023906236965705163-0.00276589931244484j),1572400000
(0.6381730626959385+0.3566768308465564j),(-0.0025027681172903648-0.0027012622391955755j),1577700000
(0.6473522707092366+0.33590587022878754j),(-0.0025288472569075043-0.0026497853871156373j),1583000000
(0.6578110461620058+0.31422890196740977j),(-0.0026134897598860214-0.0025425998541970226j),1588300000
(0.6668189570200735+0.2914343133824005j),(-0.002695776498493652-0.00240676142302199j),1593600000
(0.6750546282635899+0.27019130786007445j),(-0.0026661807473837146-0.002414600221441141j),1598900000
(0.6826024095529014+0.2475150712123343j),(-0.0028465205204323877-0.002297727886496615j),1604200000
(0.6901298214423081+0.22672842934818044j),(-0.002861688685795292-0.0021474569781068783j),1609500000
(0.696274481854372+0.20249308012062997j),(-0.0029674873507427035-0.0021075089282661594j),1614800000
(0.707110381616283+0.1921901324707462j),(-0.0030912471822877046-0.0020149454565311035j),1620100000
(0.7059729931494663+0.15678889674580868j),(-0.003080720048097096-0.0020033769677782415j),1625400000
(0.7060209016999193+0.13625205999506498j),(-0.0031397629785572837-0.0018626877149829305j),1630700000
(0.7143786936434304+0.11129817895442135j),(-0.00326984173772542-0.0017480707718405097j),1636000000
(0.7141032760937239+0.08671097064430651j),(-0.003333485491150176-0.0017106121261362271j),1641300000
(0.7169571582844609+0.06213436650921457j),(-0.0033648176341521986-0.0016008949016255568j),1646600000
(0.7166001300814409+0.038718904928378366j),(-0.0033622557441228135-0.001467034221556643j),1651900000
(0.7160211861866176+0.014035964590276513j),(-0.0034548052247706787-0.0014343163983809087j),1657200000
(0.7160606159473641-0.006063695468957885j),(-0.0035311127407193846-0.0012941375290218184j),1662500000
(0.715423014923408-0.03065254176105089j),(-0.003562428717683686-0.001286075292324497j),1667800000
(0.7120804661183173-0.0545710832643211j),(-0.003592729035881944-0.0011180245172352742j),1673100000
(0.7087972732944512-0.07685769153947457j),(-0.0037320380228213048-0.0010525477893283863j),1678400000
(0.706921917101519-0.0984678860465014j),(-0.0037578447779822335-0.0009538988207877914j),1683700000
(0.701048506714792-0.1246471852279342j),(-0.0037446032432923147-0.0009263428013564409j),1689000000
(0.6966245649833868-0.14762710975417917j),(-0.003837431366187205-0.0007725815138788733j),1694300000
(0.6912037984533397-0.16785013252019565j),(-0.003888210248652332-0.0007600037452313216j),1699600000
(0.6835021536447287-0.19154624760205285j),(-0.003926855862779811-0.0005840659670688212j),1704900000
(0.676995450907927-0.21134033622518403j),(-0.003970895673057804-0.0004463289860178692j),1710200000
(0.6682089154055858-0.23548207149792902j),(-0.004029392300096772-0.00038388061157613285j),1715500000
(0.661107287932328-0.2541802160655614j),(-0.004040449204522808-0.0003028879057782214j),1720800000
(0.6506111548558042-0.27833884309386087j),(-0.0041223142406146196-0.00014188093284700325j),1726100000
(0.6407642462833689-0.2973121670129302j),(-0.004151455011717428-5.4213040287494455e-05j),1731400000
(0.6299247088179667-0.31815138416824096j),(-0.00416888290496845+0.00014440323741347227j),1736700000
(0.6181869506345737-0.33897589525997035j),(-0.004324647711368103+0.0003067343450295855j),1742000000
(0.6074065608799131-0.3592915684371455j),(-0.004324051055541917+0.00039615179901728904j),1747300000
(0.5968051438522316-0.37769867432439225j),(-0.00438156000233202+0.0005679017251596741j),1752600000
(0.5841072956310844-0.3967069842632513j),(-0.004430156027450148+0.0006703505113495814j),1757900000
(0.5709668645268394-0.41436766039851675j),(-0.0044617021035562995+0.000858532907127848j),1763200000
(0.558651005610445-0.43181429361771323j),(-0.004531767563371472+0.0009771129710920746j),1768500000
(0.5417788781943786-0.4508645306633022j),(-0.0045555167410686655+0.001215706339858743j),1773800000
(0.5287188008849031-0.4672292100288155j),(-0.004586379308869667+0.001435681596273389j),1779100000
(0.51456636992174-0.482538207859563j),(-0.004580620868904867+0.0016863524284793118j),1784400000
(0.4985945975524949-0.49849071012988294j),(-0.0045115712923000624+0.001858860169435591j),1789700000
(0.4826470451908715-0.5143728652197985j),(-0.004569504240107993+0.002197115745516931j),1795000000
(0.4694764303711575-0.5268595529460263j),(-0.0044418367142026296+0.002445803826641321j),1800300000
(0.4505928978137376-0.5443904050672971j),(-0.0044184239657289685+0.0027405828358011215j),1805600000
(0.43349536445905196-0.5573957845004608j),(-0.004228859264370554+0.0030346574512742416j),1810900000
(0.4174390841557552-0.5709010287495511j),(-0.004104908709417493+0.0032075042705095183j),1816200000
(0.40183159987194816-0.582278051217067j),(-0.0038760751765491304+0.003427369200371834j),1821500000
(0.383359709207687-0.5946624513110323j),(-0.0036564697086173144+0.003706679523083882j),1826800000
(0.3658600101037478-0.6053733693744321j),(-0.003286514450546293+0.0037202123934698254j),1832100000
(0.34640686095114653-0.6157108972350782j),(-0.003082833283746138+0.00391344935648184j),1837400000
(0.32825426244010963-0.6248618586599706j),(-0.002802542429416652+0.0039453257874847115j),1842700000
(0.3072674299142842-0.6287300590887208j),(-0.002563677442470604+0.0038103289224110846j),1848000000
(0.2896636015411409-0.6445290719092198j),(-0.0023666720766670505+0.003852156286789372j),1853300000
(0.27289814596024864-0.6497505425096781j),(-0.0022675457394830127+0.003814063295802012j),1858600000
(0.2573806585369835-0.6636819444564189j),(-0.002221334641716625+0.0038580497534497814j),1863900000
(0.2335745155916576-0.6672500228186251j),(-0.002089655852103777+0.003861866308331642j),1869200000
(0.21421087932782798-0.6760089241381833j),(-0.0019737368768285328+0.003916981831714502j),1874500000
(0.1906125838585325-0.6828561130244947j),(-0.0019596630513055817+0.00396613810856008j),1879800000
(0.17233003414565362-0.6857954233839768j),(-0.0018047091367767235+0.003949550258720322j),1885100000
(0.15251617003527573-0.6899890033530279j),(-0.0016355156203156143+0.003958615291452608j),1890400000
(0.13626833338630837-0.6937408090924744j),(-0.0016580588946555955+0.0039952796462745625j),1895700000
(0.1122926338249233-0.6988379152024292j),(-0.0014922238605802603+0.004032655708136568j),1901000000
(0.09569502367387478-0.7019394600441243j),(-0.0014724949318213843+0.0041370857861856205j),1906300000
(0.07295150418125335-0.7027067275905645j),(-0.0012933675836277346+0.004121379493785551j),1911600000
(0.053730662096581346-0.7049043185675585j),(-0.0010847260025487403+0.004244898437774489j),1916900000
(0.033768213685276396-0.7059503172188741j),(-0.0011016252031011938+0.004246933397494558j),1922200000
(0.012553855584346185-0.7079244058681184j),(-0.0010528755640837517+0.0042771846785877796j),1927500000
(-0.005465945388879211-0.7061338135761163j),(-0.0009468151816204184+0.004387269269730496j),1932800000
(-0.025098423446998197-0.705035468536113j),(-0.0007900313098385144+0.004482064280802623j),1938100000
(-0.046940061749054025-0.7056462890166691j),(-0.0006144918738302329+0.004427669978997857j),1943400000
(-0.06561743900780322-0.7026580496269877j),(-0.000505046256665167+0.0044539357247636675j),1948700000
(-0.08247478299450602-0.702142755214628j),(-0.00040895786597947123+0.004486532007045368j),1954000000
(-0.10345425409449784-0.698246235470386j),(-0.0002648084955957676+0.004600558958230676j),1959300000
(-0.1218338670329223-0.6959951002329271j),(-6.669499444301883e-05+0.0045902445523250115j),1964600000
(-0.1423196314531029-0.6927120293649537j),(-3.658134706638425e-05+0.004624523991273049j),1969900000
(-0.1592484380027545-0.6882209613238722j),(0.00021724757945538724+0.004641054401555673j),1975200000
(-0.18262335940744945-0.6834388316308596j),(0.0002503491612034335+0.004645223736508951j),1980500000
(-0.19724622033414616-0.6814971993470832j),(0.00045182852444789867+0.004638813438640503j),1985800000
(-0.21628822121913854-0.6732334724152502j),(0.0006177924199842771+0.00469920292199562j),1991100000
(-0.2329382123188964-0.6681100585927154j),(0.0007779004099070132+0.0046819083886479335j),1996400000
(-0.25431028681332735-0.6581385641619052j),(0.0008431341370229127+0.004696242072309257j),2001700000
(-0.2704520595951078-0.6539679656922739j),(0.0008973740283138436+0.004685243193119466j),2007000000
(-0.287490047185125-0.6470142447294764j),(0.0010935915938610013+0.004675220281490418j),2012300000
(-0.30749784252109325-0.6388620484133628j),(0.0012400896093940923+0.004741108121727867j),2017600000
(-0.32119564742048373-0.6328161181482599j),(0.0013449949273063033+0.00475375081261334j),2022900000
(-0.33844262287257426-0.6230585249193057j),(0.0015064349884234048+0.004688284749880951j),2028200000
(-0.3551944088385657-0.6138239621185909j),(0.0015780063590897832+0.004629123525384402j),2033500000
(-0.3693023844190167-0.6041935848613861j),(0.0017093211213114845+0.004711165483760162j),2038800000
(-0.38347413684192394-0.5941489298856552j),(0.0018172348279353121+0.004649198082241642j),2044100000
(-0.40013247417973763-0.5849305231118901j),(0.0020179277200535555+0.004699527041424238j),2049400000
(-0.4120488748939819-0.5733854682837796j),(0.0021242114756372063+0.00478963155334037j),2054700000
(-0.4293641418967768-0.5612570834393462j),(0.002223029678010458+0.004805327874443506j),2060000000
(-0.4302941973016468-0.5595761219774301j),(0.002242947448344704+0.004783301125593532j),2060000000
(-0.4418880023146994-0.5510859377339872j),(0.0024039929222472597+0.004783351994390664j),2065300000
(-0.4527332257728429-0.540835498664915j),(0.002524955270935274+0.004738306310230765j),2070600000
(-0.4672207827745325-0.5279876272926396j),(0.002760604566336006+0.004797392122918507j),2075900000
(-0.4797803959685783-0.5180717601857717j),(0.0029354380482749026+0.0048591682660194604j),2081200000
(-0.49308161125992195-0.499673845102754j),(0.0031049124018007004+0.004798753484407606j),2086500000
(-0.5029341544695254-0.48738640783740433j),(0.0032995412735179175+0.004724641127179501j),2091800000
(-0.5146670966607507-0.47354836257975985j),(0.003563786721485324+0.004807688196131836j),2097100000
(-0.5238977846495139-0.4607646402716829j),(0.00375411522365856+0.004798701101059132j),2102400000
(-0.5353284161718828-0.4434101721988631j),(0.004044637625007292+0.004755649153236954j),2107700000
(-0.5451054819101994-0.42993834877966847j),(0.004215645295123764+0.004700771806856149j),2113000000
(-0.5528211479517501-0.41548656586702865j),(0.004670813947575672+0.004673138207267626j),2118300000
(-0.5654154180705011-0.3956585915157329j),(0.004958958449461083+0.0045638098446518765j),2123600000
(-0.5718553739531318-0.380177455706305j),(0.005282347162832902+0.00453022501128721j),2128900000
(-0.5791550954620678-0.3659284024108038j),(0.005664533935865083+0.004402936706562966j),2134200000
(-0.5862986118175214-0.3499993422316478j),(0.006081905049686037+0.004267028733572059j),2139500000
(-0.5928203324769871-0.32912957661940384j),(0.006411180375791565+0.0038829805712544702j),2144800000
(-0.5969596848232679-0.31628643427140585j),(0.006726507789318828+0.003640664606468126j),2150100000
(-0.605158195650186-0.29646350329927706j),(0.00713764075206464+0.003228637971498863j),2155400000
(-0.6092427133572931-0.27981346652342753j),(0.007411600690976418+0.0028464980899163715j),2160700000
(-0.6126573411713381-0.26388565870978614j),(0.0075542245586362935+0.0024579502524421236j),2166000000
(-0.6169170690103783-0.2469910705453827j),(0.007842623320782564+0.0020104400643755843j),2171300000
(-0.6203219468087338-0.23001049378192598j),(0.008015585249432824+0.0014773064240241488j),2176600000
(-0.6229722592201242-0.21171813035721854j),(0.008016756365814842+0.000990454099682089j),2181900000
(-0.625954047972079-0.19463940772846444j),(0.008153657827712052+0.00047389295546422733j),2187200000
(-0.6269166490139801-0.17730619496221503j),(0.008169192261263166-8.724903038345911e-05j),2192500000
(-0.6292956550812828-0.16004941743741505j),(0.008152593265671094-0.0006298752137898607j),2197800000
(-0.6304534280168916-0.1446872530496403j),(0.008079871905817168-0.0011630238961030403j),2203100000
(-0.6320699752317722-0.1284698548705111j),(0.007875961765527791-0.001761056835061263j),2208400000
(-0.6329726991369687-0.11284377910123881j),(0.007537726186152562-0.0022623958770967146j),2213700000
(-0.6328326676784646-0.098092500091087j),(0.007135166256962319-0.0027844897256605393j),2219000000
(-0.6346953554464131-0.07785303326224616j),(0.006604952202055378-0.0031552247056484j),2224300000
(-0.6351653501987465-0.06328948383008452j),(0.006036021611781618-0.0034583032838225473j),2229600000
(-0.6351589896860358-0.04389292077584488j),(0.005507298941243432-0.0035594169681770088j),2234900000
(-0.6357527155478565-0.024212189002547305j),(0.004870423220182051-0.0035346595098843503j),2240200000
(-0.6365849975196252-0.008402366289001506j),(0.0044828510021319365-0.0033381663753391296j),2245500000
(-0.6328324903760761+0.013504113721800829j),(0.004021455582068586-0.0030404689726075142j),2250800000
(-0.632886017190871+0.030478922849413583j),(0.0037514023277196024-0.00270196831227666j),2256100000
(-0.6286192722320147+0.05243720587882371j),(0.003671179917662471-0.002364858157958528j),2261400000
(-0.6254239583931988+0.0718607070917112j),(0.0036206347819799055-0.002113629644404014j),2266700000
(-0.6177720094864649+0.08995155257188008j),(0.0036710103245296034-0.001742671832260397j),2272000000
(-0.6128047747138342+0.11017496572960425j),(0.003913400595151471-0.0015220938172663709j),2277300000
(-0.6065110199810597+0.13124610427140243j),(0.004203701401351049-0.0013755629247934615j),2282600000
(-0.5975966352957726+0.15303800978296278j),(0.004461867369974542-0.0012946975150554636j),2287900000
(-0.5888975689524938+0.17150006840147083j),(0.004750204308934485-0.0011974120678864013j),2293200000
(-0.5795521727496774+0.19028473066055696j),(0.005046937668898697-0.0012825559981396448j),2298500000
(-0.5697439813106966+0.20728888655857472j),(0.00544802529401159-0.0013400928003786915j),2303800000
(-0.5590287169116277+0.2243967401656205j),(0.005762696709040373-0.0015660415564310187j),2309100000
(-0.5461391728811091+0.24351263443858062j),(0.006124577432064778-0.0017477057954850368j),2314400000
(-0.5327902844826268+0.25074749944344066j),(0.006413853109313983-0.002101981818674821j),2319700000
(-0.5200868818363704+0.268438536304236j),(0.006710543173306941-0.0023764049041560494j),2325000000
(-0.5052848528384599+0.28565138479578744j),(0.006870552565226508-0.00287500934209506j),2330300000
(-0.48909485715400347+0.30301671583733986j),(0.007032638507637145-0.0033680125741406136j),2335600000
(-0.4757289417211122+0.31707433255033607j),(0.007212262171555933-0.00383764728144346j),2340900000
(-0.4598126925469256+0.3306834302979596j),(0.007187541667710348-0.004318832129997103j),2346200000
(-0.44154984774751255+0.3457787682726688j),(0.007183288249038363-0.004895953648431843j),2351500000
(-0.42468891547433957+0.3583941965283282j),(0.00704001455624563-0.00546405084080766j),2356800000
(-0.4057056531799335+0.3716826891264298j),(0.006812598087766895-0.005897162274969832j),2362100000
(-0.38709164145307456+0.382182465478523j),(0.0066010808522751286-0.006253510739315926j),2367400000
(-0.36657559830262465+0.3943821244869884j),(0.006245752843038056-0.006626514821644397j),2372700000
(-0.3475749499266057+0.4036570189225607j),(0.006023923191610437-0.006816526492123099j),2378000000
(-0.3256586669139753+0.4138056693179614j),(0.005872445316091271-0.006975751780410935j),2383300000
(-0.3055839239529576+0.42163698098149377j),(0.005910953672247794-0.007121576483162855j),2388600000
(-0.28304306892363756+0.42960120709898625j),(0.0059693609320104635-0.007363763680138245j),2393900000
(-0.2638760884225937+0.43755330080800625j),(0.006076049258664407-0.0076619633125235296j),2399200000
(-0.23884732706909695+0.4424139523984967j),(0.0061828320320627544-0.00828395384650695j),2404500000
(-0.21745566379375794+0.4464415565808766j),(0.006223044828776655-0.008868639244456949j),2409800000
(-0.1928358984433361+0.4497162475764009j),(0.006155878866301154-0.009586201910082947j),2415100000
(-0.16949256560742057+0.45461427895524664j),(0.005913150240496604-0.010365188339799969j),2420400000
(-0.1450172096216315+0.4554529250255178j),(0.005636883576051459-0.011235900929808846j),2425700000
(-0.12169601614875843+0.4571609871251837j),(0.005181998679713737-0.011929145673971686j),2431000000
(-0.09801347251950597+0.45667631545020165j),(0.004648906063477929-0.012652050185456483j),2436300000
(-0.0744811618119273+0.45610236027380985j),(0.004043521199436759-0.013339946177774897j),2441600000
(-0.05162960273058516+0.4535015749852895j),(0.003298441713819467-0.014056587048683187j),2446900000
(-0.024674920313483374+0.44994723768356j),(0.0025401393799303305-0.014626612292571247j),2452200000
(-0.004565996863996069+0.44639038523773217j),(0.001672367510296043-0.015197558516608636j),2457500000
(0.021172254192884456+0.44069079341970985j),(0.0007412030509724847-0.015751133242060768j),2462800000
(0.04634124651694255+0.4349119322502118j),(-0.0002628921825419081-0.016104756988242146j),2468100000
(0.07019262143354331+0.42771256904014276j),(-0.0013807749150929966-0.01647099563669726j),2473400000
(0.09508283287420824+0.41841139623859763j),(-0.0024593069785188893-0.016709968236765183j),2478700000
(0.12066311462023359+0.4095463981073629j),(-0.003635080507970012-0.016856370519421297j),2484000000
(0.14213468052629524+0.3998019700866966j),(-0.004754707115257161-0.01700891927346321j),2489300000
(0.16403906532222393+0.3892510395574257j),(-0.005873431417000827-0.0169585570526707j),2494600000
(0.18740855607633125+0.37502334119832315j),(-0.007135145775547903-0.016939639276408482j),2499900000
(0.2092602644823697+0.3616351131715389j),(-0.008441093863118613-0.016692665197052956j),2505200000
(0.22894396680099935+0.3488127222887384j),(-0.009730805727570983-0.016302736399007395j),2510500000
(0.24925303136199703+0.3348144869391542j),(-0.010911267826132673-0.016012760511237047j),2515800000
(0.26961932822060036+0.31736264682749843j),(-0.01210620829756331-0.01540529629065513j),2521100000
(0.2885757851593521+0.3017286220758578j),(-0.013494984269964996-0.014690429921352359j),2526400000
(0.30540278065160054+0.28516609851645996j),(-0.014612494204906453-0.013954323881268728j),2531700000
(0.3231918645503192+0.26683174738493204j),(-0.01569733408384273-0.013119866209924363j),2537000000
(0.33876821179211475+0.2481690163198659j),(-0.016827774180286307-0.012016133074236915j),2542300000
(0.3542780767693553+0.229174766941794j),(-0.017822352814089646-0.011116128148050849j),2547600000
(0.3673426790189335+0.20775202796402217j),(-0.01873731392663745-0.00992343893757519j),2552900000
(0.38206412111411625+0.18629446571168629j),(-0.01966166358440514-0.00852005138689447j),2558200000
(0.39346502780265424+0.16511507076105267j),(-0.020359902411175107-0.007288746833014575j),2563500000
(0.4046638801507379+0.14378064494786713j),(-0.0210500129680127-0.005777850978801458j),2568800000
(0.4156500726495285+0.12116531914260023j),(-0.021547583508713046-0.004282843105365324j),2574100000
(0.42559437650538734+0.09931223759030684j),(-0.022003243451542708-0.0026825427231814292j),2579400000
(0.43469146480743676+0.07768011830733618j),(-0.022052914114286813-0.0009885966272699257j),2584700000
(0.4409574985010227+0.055671810590263805j),(-0.0223406173321357+0.0005203243941610475j),2590000000
(0.44162058295120077+0.05744406554468777j),(-0.02223132176972636+0.00041716491354664917j),2590000000
(0.44822951658829335+0.03225402140092414j),(-0.02207209042565856+0.0022824566660028015j),2595300000
(0.45408048098646203+0.009120033388906565j),(-0.02181120355548026+0.003895168965615205j),2600600000
(0.46230790481494066-0.01267407272580947j),(-0.021252386298061286+0.005496505144291408j),2605900000
(0.46261118954712227-0.03771625195058198j),(-0.02077841446133136+0.006976294021206485j),2611200000
(0.46527795054082677-0.06186206268273978j),(-0.019998473221563017+0.008664948547140068j),2616500000
(0.4706456034332455-0.07911867341392073j),(-0.0193037334961571+0.009881528407661233j),2621800000
(0.46913767175133214-0.1073928329350472j),(-0.018247544063894092+0.011419716851663046j),2627100000
(0.4667331250137849-0.13039598725305346j),(-0.017232748526706466+0.01247377485064125j),2632400000
(0.46787005171445717-0.15046267173984001j),(-0.016028779709651372+0.013483218552651076j),2637700000
(0.4664642508641121-0.1756294601930417j),(-0.014805559695045023+0.01439973784090997j),2643000000
(0.46451089441898313-0.2017720709060897j),(-0.013380576699770955+0.015260469240387379j),2648300000
(0.46904018575629014-0.22439371220693644j),(-0.012157573334272344+0.01599913395369656j),2653600000
(0.4527180613013272-0.2521164026000113j),(-0.01059003092792005+0.016528100753465294j),2658900000
(0.4541229645095725-0.2696136142744314j),(-0.009501541503784914+0.016775993866358696j),2664200000
(0.44642790952647465-0.28150664267075426j),(-0.008241338363211975+0.016935115337834317j),2669500000
(0.44399906137659206-0.30316365278229906j),(-0.006815136353337144+0.017115346702528306j),2674800000
(0.4354133608857778-0.33279159580826456j),(-0.0052971864396854675+0.017257892082281883j),2680100000
(0.4346896533832267-0.3431827912503162j),(-0.004477525131299417+0.016978402506175133j),2685400000
(0.41862548838167635-0.37495221763612996j),(-0.003047293894227877+0.016850315130487716j),2690700000
(0.4062336413494811-0.3950994243821488j),(-0.0018674988909366302+0.016426275377672262j),2696000000
(0.39172545601155034-0.41342198372669353j),(-0.0009618233002774536+0.01607930425540835j),2701300000
(0.383167080367062-0.43323656755545764j),(5.335789018763126e-05+0.015814306487018016j),2706600000
(0.37961390535667566-0.4481962792360707j),(0.0008634738170271878+0.015286920639913437j),2711900000
(0.37199492982458787-0.46605623327026496j),(0.0015901854417989737+0.014999921745393262j),2717200000
(0.34949711920674814-0.4907780070271803j),(0.0022074938880130178+0.014249608059557328j),2722500000
(0.3393983010732195-0.5013217356224741j),(0.002872697983855327+0.013840344209134063j),2727800000
(0.32520389042194303-0.5205011246658469j),(0.003653152186789993+0.013308304154131171j),2733100000
(0.3100691237417439-0.5353767829783356j),(0.004307256717900745+0.012926025937902963j),2738400000
(0.29865747879098997-0.5510935602246352j),(0.004808170554963055+0.012268316614821305j),2743700000
(0.28487105446334754-0.5653883842074j),(0.005241314680414396+0.011737777827747539j),2749000000
(0.27275599285520896-0.5816442687957964j),(0.005685206611382168+0.011203556620017499j),2754300000
(0.2525742671180573-0.5910381986287074j),(0.006084239196326582+0.010597752209664949j),2759600000
(0.24300376924577965-0.6027330146828004j),(0.006469021951513296+0.009997361552546907j),2764900000
(0.223399358564125-0.6198526371559091j),(0.006936442541649756+0.009397811981094911j),2770200000
(0.21128240633909934-0.627323834613293j),(0.00706710315236733+0.008855360385939388j),2775500000
(0.1950023941309094-0.6332524768481869j),(0.0071784400235788415+0.008315807530542065j),2780800000
(0.17781710075055987-0.6463140171591921j),(0.007423051260568256+0.007664065339297748j),2786100000
(0.16166078359801384-0.6566139054236756j),(0.007563613403898299+0.007131983230401095j),2791400000
(0.14855937534836147-0.6691194397220376j),(0.00763655258568805+0.006656981899262764j),2796700000
(0.132677430986166-0.6763166501407369j),(0.007687955048136116+0.006002660047233388j),2802000000
(0.11631144789484239-0.6838341707851567j),(0.007762782835409432+0.005480769551514043j),2807300000
(0.09612787484317442-0.6885939201486686j),(0.0077257400780148784+0.005040923330721322j),2812600000
(0.08338363844383383-0.6965444933394822j),(0.0076605400871540465+0.0045616496525873705j),2817900000
(0.06810757781843935-0.7004739424062129j),(0.007643586855258283+0.004062735120572961j),2823200000
(0.050541401658417986-0.7085185701851052j),(0.007521684797102066+0.003799297027876821j),2828500000
(0.03627565706266836-0.7135484486784883j),(0.007451669681975158+0.0032660215027705735j),2833800000
(0.01618923248510951-0.7147823668445138j),(0.00731236326362322+0.0027886473381409675j),2839100000
(0.005230091284348641-0.7196454447519838j),(0.007053771713244535+0.002476505829810181j),2844400000
(-0.011363098595616327-0.7224437105197345j),(0.006967521502771866+0.002217528221011762j),2849700000
(-0.02987259893936041-0.722874754347363j),(0.006889433293277243+0.0019138706380136409j),2855000000
(-0.038446935169249186-0.7208415123659301j),(0.006644419505828497+0.001697680748560235j),2860300000
(-0.055321550076881124-0.7315351138068732j),(0.006495815198704482+0.0015449094662860691j),2865600000
(-0.06624623680780217-0.7316463426968767j),(0.00634910110581762+0.0012320379636524572j),2870900000
(-0.09113965088984145-0.7276650911573752j),(0.006304955766728664+0.001044076841327669j),2876200000
(-0.09663535193173378-0.7333016187614368j),(0.006082815046874829+0.0008838880370371286j),2881500000
(-0.10977266365377272-0.7326984832759357j),(0.005981657886937503+0.0005959706182186368j),2886800000
(-0.1265452858948062-0.7362860808358168j),(0.0058521904751182045+0.0005252350710482522j),2892100000
(-0.14586465402727142-0.7325089611181727j),(0.005762566210747138+0.00033585676056125595j),2897400000
(-0.154269879662876-0.7359812041156838j),(0.005465099610120345+0.00012404947922641272j),2902700000
(-0.16651815729734482-0.7397908225747756j),(0.005426559355190378-3.330917162979244e-05j),2908000000
(-0.17755596246474664-0.7364128762102928j),(0.005353731146400551-0.000223000957149488j),2913300000
(-0.20125092007994913-0.7305936443008263j),(0.005173015096689812-0.00028910431855556494j),2918600000
(-0.21692297070489905-0.7405436124471472j),(0.00509057186123566-0.00041554488478562975j),2923900000
(-0.2387428329469057-0.7242101229153001j),(0.004993198053469553-0.0005293593364711903j),2929200000
(-0.24093093700575757-0.7313350015751179j),(0.004890864125097438-0.0004946113472627052j),2934500000
(-0.26752073866943293-0.7241309788820559j),(0.004810352666838653-0.0007335691265632451j),2939800000
(-0.27518380073919696-0.7245532984335211j),(0.004593402946302753-0.0007445640027570083j),2945100000
(-0.28469614168773566-0.7214815246271997j),(0.00450513725426403-0.0008488008516986137j),2950400000
(-0.3063849171992092-0.7205417361004666j),(0.0044644796612785574-0.000989890585043273j),2955700000
(-0.30848292053991716-0.7149324498261965j),(0.004358867656849161-0.0009604796879723516j),2961000000
(-0.33535538360185596-0.7074471538853965j),(0.004107911293511681-0.001143522226849867j),2966300000
(-0.33892924564415394-0.708027114357054j),(0.00403911042723624-0.001242185484495832j),2971600000
(-0.35506475688030287-0.7026860991333462j),(0.003927578151976182-0.0012040268707240297j),2976900000
(-0.3675978097917238-0.6980144419481623j),(0.0036552815721182658-0.0012339024960486985j),2982200000
(-0.3776177595779696-0.6988941900776331j),(0.003626482877213214-0.0011373187134611632j),2987500000
(-0.39235642047524877-0.6898355893824294j),(0.0035909210149702876-0.0011281000445849494j),2992800000
(-0.3976509877052492-0.6861708071918582j),(0.0035089830250059047-0.0011047433250465034j),2998100000
(-0.41277847364238823-0.6797376361981571j),(0.0034635751718617327-0.0010499663488429982j),3003400000
(-0.4242533462102166-0.6753403864946073j),(0.0033904397308856184-0.0010826444517371028j),3008700000
(-0.4334095357662326-0.672365660363055j),(0.003361557499066915-0.0010104417129117508j),3014000000
(-0.44452484055968694-0.6649130348299962j),(0.003453911024326694-0.0010560769311971571j),3019300000
(-0.45984602681701575-0.6584218283603741j),(0.003296787548535753-0.0010787019140141465j),3024600000
(-0.4648092320994324-0.6501910465999756j),(0.0034013464284292205-0.0009689363601184616j),3029900000
(-0.47080431575218334-0.6467733688018976j),(0.0033549146220112494-0.0009774816204836628j),3035200000
(-0.48523939775469566-0.6401318425744248j),(0.003499397261446753-0.0010027809704058889j),3040500000
(-0.4960014120772355-0.6325172203746331j),(0.0035011137734693603-0.0010770223154533088j),3045800000
(-0.5009365983738654-0.6241594887394948j),(0.003507193371257853-0.001056846832243262j),3051100000
(-0.5146609746421529-0.6157756701381584j),(0.00357728390817832-0.0010770307943593874j),3056400000
(-0.517203246646104-0.6083111397643551j),(0.0036692097094489172-0.0009707100420326841j),3061700000
(-0.5284079830526881-0.6010555819848412j),(0.0036960616233864887-0.001004271308892187j),3067000000
(-0.5353455992257655-0.5951156972984271j),(0.003818381175692457-0.0012078420794905745j),3072300000
(-0.5443591718043634-0.5900044351029559j),(0.003941626033871758-0.001199277248496088j),3077600000
(-0.5543153513132555-0.5841579742959014j),(0.004079554993931503-0.0013900390070835668j),3082900000
(-0.5639307592974765-0.5739045595802807j),(0.004237327001948808-0.0014226333414549715j),3088200000
(-0.5671295273840952-0.5698936668468715j),(0.00439395321547741-0.001558079939793605j),3093500000
(-0.5804271233537356-0.5572547001571185j),(0.004375168012840778-0.0017782488889723723j),3098800000
(-0.5835752262508896-0.5511608225252334j),(0.0045327016941991045-0.0020026533781788082j),3104100000
(-0.5908935973991485-0.5397141064308938j),(0.004534950212657382-0.002017165291395825j),3109400000
(-0.5969063204736439-0.5322834631224075j),(0.0047373339601353495-0.002215734052094018j),3114700000
(-0.6029176651601185-0.5249950382002527j),(0.004776736898149098-0.0026295087169377913j),3120000000
(-0.612119822834511-0.5141406346173668j),(0.00477809428640605-0.002713811836580788j),3120000000
(-0.6146178779562063-0.5063103360112424j),(0.004766793719731621-0.00285811054594453j),3125300000
(-0.6238516960836682-0.492206198005151j),(0.0047922778379577-0.003284693026839909j),3130600000
(-0.6253238882232767-0.4891121991483905j),(0.004752300602337765-0.0035063820172698524j),3135900000
(-0.6336224559016415-0.4760173476676575j),(0.00477647432947679-0.0038370730772771173j),3141200000
(-0.6353724893895181-0.47148181160004027j),(0.004819988231349694-0.004272642361064309j),3146500000
(-0.6397350870430777-0.4630206989827809j),(0.004660950235916481-0.004659374276145465j),3151800000
(-0.6449858137823087-0.4556844156336379j),(0.0045930067460518195-0.0050420554370897396j),3157100000
(-0.653766985034514-0.4401484215935159j),(0.0042234522880476464-0.005495438171678038j),3162400000
(-0.6546428464541759-0.4406024824944346j),(0.004046525579566409-0.0059387375512329615j),3167700000
(-0.6585325956716591-0.43232454748248833j),(0.00364409488828069-0.006175580543740525j),3173000000
(-0.6626143397818368-0.42645848773173856j),(0.0034060684849273066-0.006476269273390839j),3178300000
(-0.668963572722869-0.4167507477399541j),(0.0029915129710936504-0.006735745000670153j),3183600000
(-0.6736157611912565-0.4104017990478935j),(0.002469103551074858-0.00700538550989744j),3188900000
(-0.6748757184665634-0.4084893710375976j),(0.0020519636315499295-0.007172067391591821j),3194200000
(-0.6833493179349961-0.39636067110720874j),(0.0014839166516147282-0.00729571495428622j),3199500000
(-0.6859743380300257-0.3914210804382283j),(0.0010621413397442687-0.007480070532430733j),3204800000
(-0.6935955033351257-0.37928397463830155j),(0.00047117762833894384-0.007190308505087381j),3210100000
(-0.6986679843836874-0.3748473413832204j),(7.489558372795698e-05-0.007274284813260315j),3215400000
(-0.7025437726633732-0.37075074324427326j),(-0.00029063608205516067-0.00708248165026498j),3220700000
(-0.710770946667837-0.356044241328294j),(-0.0006201823090152081-0.006946275098414338j),3226000000
(-0.7155400257378365-0.3484952655769495j),(-0.0009828289459625546-0.006787018704734628j),3231300000
(-0.7184397229246183-0.3407403614311352j),(-0.0012834235895227465-0.006591577815419457j),3236600000
(-0.7224106952845858-0.331543192537648j),(-0.001536777474876723-0.006504429922614291j),3241900000
(-0.7259880705343389-0.3229718766530379j),(-0.0018686878739808672-0.00633411113894262j),3247200000
(-0.7335707564809903-0.3102720571167979j),(-0.0020999293791516653-0.005969416985082008j),3252500000
(-0.7358540720326759-0.3030255097835242j),(-0.0025070184712080263-0.005924331145747853j),3257800000
(-0.7381358046438814-0.29242942350753376j),(-0.002594622749765796-0.005575043115160728j),3263100000
(-0.7410671128846492-0.2831415000985393j),(-0.002700084703017502-0.005352689640032542j),3268400000
(-0.7434186610326131-0.2710353504551744j),(-0.002674039949722364-0.005215207933166876j),3273700000
(-0.7455619373219889-0.26286954734645235j),(-0.00275173708776618-0.0048961364796837525j),3279000000
(-0.7361116603380474-0.26249799807524615j),(-0.002735953421171622-0.0048381333575559j),3284300000
(-0.7390399006434846-0.2495312819067006j),(-0.002771843630712632-0.00470472551918075j),3289600000
(-0.7415996620201418-0.2355477297057606j),(-0.0026316018056178614-0.004654243437536055j),3294900000
(-0.7408674516192433-0.23039351453337703j),(-0.0026621687917585987-0.004757693596035109j),3300200000
(-0.7424212470706179-0.21476417875751638j),(-0.002726747249032755-0.004852137467318564j),3305500000
(-0.7419903083374867-0.20335285337579903j),(-0.0028237556575068743-0.0048028848422587665j),3310800000
(-0.7421142109917275-0.19039377573090857j),(-0.0029829963138437924-0.004812277747323319j),3316100000
(-0.7409291911250805-0.17978380742572578j),(-0.0031273763277823792-0.004837345542325875j),3321400000
(-0.739205875401048-0.1668638683574201j),(-0.003186219265196325-0.004883769316156555j),3326700000
(-0.7385189970215699-0.15534344998061514j),(-0.0033902781931066496-0.005205255591226703j),3332000000
(-0.7379669793066367-0.13521871323660634j),(-0.0036672895686721708-0.005161818517721046j),3337300000
(-0.7357879356594506-0.12768816233552366j),(-0.003864294734219971-0.005331510698222274j),3342600000
(-0.7331584890348515-0.11415664735054507j),(-0.0042289521708393455-0.00526398652769551j),3347900000
(-0.7301360334861595-0.10577551100425939j),(-0.004334746254770496-0.005378739929862291j),3353200000
(-0.7270854369055468-0.09171545344285574j),(-0.004882142633642821-0.005319933606636368j),3358500000
(-0.7219655326072175-0.08140670410994524j),(-0.005150920043823967-0.005430623287934386j),3363800000
(-0.7180230675014877-0.07061620984290023j),(-0.005529988831515702-0.005252647239633853j),3369100000
(-0.7129309671045777-0.059422145780521324j),(-0.005960515549438653-0.0053632721495956125j),3374400000
(-0.7084858466184588-0.04867390229060903j),(-0.006520378836373943-0.005110077354131945j),3379700000
(-0.7031231607576588-0.038230940248065726j),(-0.006902066210922183-0.00480322330001803j),3385000000
(-0.6985890010598852-0.024706054981140407j),(-0.007342054171600088-0.004871188886776445j),3390300000
(-0.6925111887356377-0.016427458247864152j),(-0.007736346375386404-0.004638093224863866j),3395600000
(-0.6852032041384274-0.001971893056385452j),(-0.008319347417177648-0.0041085655474411955j),3400900000
(-0.678663326732815+0.009082839403278026j),(-0.008593779159733235-0.003639675930790555j),3406200000
(-0.670762005460209+0.01831913019549677j),(-0.008839718984538112-0.0035599017787851183j),3411500000
(-0.663825211189943+0.028427420663885632j),(-0.009300508738929675-0.0032877028161698374j),3416800000
(-0.6540643410801948+0.04205783093914894j),(-0.00979790769604756-0.002899513232772654j),3422100000
(-0.6436146425121451+0.05164087275523128j),(-0.010167725542544902-0.0023595249877915113j),3427400000
(-0.6319892470744041+0.06056949463389452j),(-0.010620415157469936-0.0019370817917470904j),3432700000
(-0.6214482310726813+0.07254582515241054j),(-0.011230464593245823-0.0012677761497949035j),3438000000
(-0.6090164004431792+0.07612997609734251j),(-0.01170495754670491-0.0005545447464234252j),3443300000
(-0.596749990668847+0.08700900744760456j),(-0.012047745084249231+0.00027333963598215577j),3448600000
(-0.5826007018446511+0.09535002621050924j),(-0.012446987015146212+0.0011716496294806986j),3453900000
(-0.5674994734495827+0.10256686938034897j),(-0.012511853632917489+0.002464757742073708j),3459200000
(-0.5527497717696735+0.10596972204005682j),(-0.012455700221983322+0.0036448609317040527j),3464500000
(-0.5373562257004433+0.1116239404629841j),(-0.0120806296536478+0.004847687273639353j),3469800000
(-0.5251254010726388+0.11289941318021811j),(-0.011344315119973955+0.0057344542476579045j),3475100000
(-0.5117015484536198+0.11975092543782132j),(-0.010441828907357769+0.006130296670467916j),3480400000
(-0.4961770614402849+0.1204095453534692j),(-0.010089799481996058+0.006369849767825619j),3485700000
(-0.47998005773139923+0.1259729634424673j),(-0.009768189241225123+0.006785945855192846j),3491000000
(-0.4636388744099183+0.12765383966802032j),(-0.009518021924414683+0.007039452779078769j),3496300000
(-0.44515324627486835+0.13152548805960015j),(-0.009517356957020651+0.007314380651770766j),3501600000
(-0.4262835316298496+0.13136449051182228j),(-0.009385448496792+0.007871282995046601j),3506900000
(-0.4069790443034579+0.12890919994118505j),(-0.00932224308221226+0.008272921558261556j),3512200000
(-0.38542097434397643+0.12585074139592414j),(-0.00925877999193258+0.009041294365127803j),3517500000
(-0.3687775230995764+0.12178236524212392j),(-0.009216573259229834+0.009802018856664128j),3522800000
(-0.3484237338739843+0.11466890364062654j),(-0.00890399649176131+0.010793452079801332j),3528100000
(-0.3290422781069415+0.10971598349180729j),(-0.0083604721120746+0.011819720435408741j),3533400000
(-0.3097938047110813+0.09913707749217593j),(-0.007623507775547371+0.012610514150438958j),3538700000
(-0.2915826543889887+0.08954252828396987j),(-0.007076206115729541+0.013274012788276128j),3544000000
(-0.2739015504973124+0.07851325490448192j),(-0.006175128484385637+0.014359694812178182j),3549300000
(-0.25645020209730407+0.06428847855657811j),(-0.005154684437542514+0.014975295632198654j),3554600000
(-0.24078542043057652+0.04893683105682523j),(-0.004248628985322385+0.015662046982191185j),3559900000
(-0.22392834156329186+0.03469506557180255j),(-0.003118457687740964+0.016319528127549453j),3565200000
(-0.2104330562406013+0.01565636129061267j),(-0.0020864180683928483+0.016904083483658103j),3570500000
(-0.197868260381375-0.003599595524373464j),(-0.0007557237545832503+0.017280898466134335j),3575800000
(-0.18823142337965038-0.02208047518260792j),(0.0005155962446633582+0.01755684259348866j),3581100000
(-0.17910293786452985-0.042196476465790354j),(0.001957649060866415+0.01790930410852734j),3586400000
(-0.17107208969980015-0.06247919180254714j),(0.00354379865110108+0.018032581040182315j),3591700000
(-0.16451546705885772-0.08443294305940856j),(0.005223387959243061+0.018088483656615244j),3597000000
(-0.1595716970864296-0.10329920052335395j),(0.006773929459116136+0.01755330235409761j),3602300000
(-0.15629391284687288-0.12731961905658953j),(0.008265462761123273+0.017283229050040975j),3607600000
(-0.15614978529343276-0.14914853268702805j),(0.01009169581292024+0.016656343462485422j),3612900000
(-0.15605146587225863-0.17048653542805153j),(0.011572639092060532+0.015732122594512808j),3618200000
(-0.15814650231041033-0.19156553494920592j),(0.012937785381441469+0.014802812537181666j),3623500000
(-0.16181316150812394-0.21294061037330775j),(0.014212015968642333+0.013701409036126832j),3628800000
(-0.1678845361340502-0.2343291982059698j),(0.01520693753184375+0.01240347566445578j),3634100000
(-0.1749863922406769-0.2534661619725306j),(0.01602643012827268+0.011024153355146463j),3639400000
(-0.18380748112729028-0.27309066801831317j),(0.016932884712577277+0.009701250968898664j),3644700000
(-0.19447811371882778-0.2898290633792331j),(0.017721713235369592+0.008138817714484645j),3650000000
(-0.1934090018557083-0.2891450237565253j),(0.017673948767706154+0.00820259617319517j),3650000000
(-0.20579847136002777-0.30608715831233835j),(0.018283911969650346+0.006632610120787054j),3655300000
(-0.2156366932341413-0.3218522038588326j),(0.01856333467353602+0.004985726253710936j),3660600000
(-0.22796855186512555-0.33922727546045134j),(0.019024505987443884+0.003575996632544239j),3665900000
(-0.24429599654657-0.3516542319605025j),(0.019434312620862246+0.0014416846364211106j),3671200000
(-0.2593256841247673-0.3635955824805294j),(0.019487283116409036-9.745907509292086e-05j),3676500000
(-0.272101145948582-0.37722209945901347j),(0.01929001079002106-0.001782650005292874j),3681800000
(-0.2874197219397959-0.3870680543153141j),(0.018681071499664775-0.0033986215047091487j),3687100000
(-0.3031403670004708-0.3932839885847073j),(0.01799553354404345-0.004723787818095482j),3692400000
(-0.32082270221115-0.40430241093656566j),(0.01773112123737843-0.0062214295188983745j),3697700000
(-0.33626518343073725-0.410138663816099j),(0.016778383319786736-0.007795215431690405j),3703000000
(-0.35155806885968804-0.41507637455483437j),(0.015891726884518863-0.009049451606314887j),3708300000
(-0.37018239889859045-0.41916652432582235j),(0.014853086035344758-0.010071628887442053j),3713600000
(-0.3831605469940091-0.42631362378340404j),(0.013988335495181107-0.01100224927452464j),3718900000
(-0.39705240788216667-0.4307264672021476j),(0.0133134509847479-0.012013464799776141j),3724200000
(-0.41853104424663545-0.429333696872132j),(0.012106389110697231-0.01305867885906745j),3729500000
(-0.4344272770712189-0.4268704640665102j),(0.010755291059278513-0.014056111325289201j),3734800000
(-0.4492422547813028-0.42627869132257856j),(0.009453815896701828-0.014878023548314934j),3740100000
(-0.46176258540726867-0.42548442497512384j),(0.0077065136655491305-0.015415124502569271j),3745400000
(-0.47795383866200286-0.4232546347005952j),(0.0062614773444676025-0.015323630685819987j),3750700000
(-0.4897219908856182-0.42453421826998744j),(0.00514947182679957-0.0157817357475356j),3756000000
(-0.5023396855522058-0.42319364019156164j),(0.004101894973237817-0.015820808004676865j),3761300000
(-0.5175173908818261-0.4160737135033419j),(0.002611487503663009-0.01609695510946368j),3766600000
(-0.5265972978698813-0.4128939932437928j),(0.0012287539652793427-0.015572992260654324j),3771900000
(-0.5373417470430469-0.4143351691798552j),(-0.00035010179328059113-0.01549347357417982j),3777200000
(-0.5485976371272498-0.4140626075456928j),(-0.0010887025797637062-0.0152321204174871j),3782500000
(-0.5603592979759109-0.4078945198187769j),(-0.002351035391094377-0.014623290040946235j),3787800000
(-0.5704368054166313-0.4015424346700658j),(-0.0035910542471668766-0.014518629000813391j),3793100000
(-0.5772605200858466-0.39927907085797665j),(-0.004452388985030002-0.014203744691415776j),3798400000
(-0.5863438696174793-0.39538368141035446j),(-0.005581343881343254-0.01318439384189806j),3803700000
(-0.5909822972303533-0.3941872759855142j),(-0.006251705749354567-0.01270969784499388j),3809000000
(-0.6015632508807811-0.3870518302047408j),(-0.007320259045868648-0.012083375760985376j),3814300000
(-0.609148129091744-0.3844333373812333j),(-0.008253252155511422-0.01096108861360671j),3819600000
(-0.6161884643707621-0.3775480460202364j),(-0.008854654142599878-0.010036460556470386j),3824900000
(-0.62071981679345-0.37719090307194075j),(-0.009488079820092605-0.00919205742619086j),3830200000
(-0.6267713515709133-0.3718076755724313j),(-0.009840589142118699-0.00839085453629771j),3835500000
(-0.6332628725862104-0.3677066741401202j),(-0.010465619420887569-0.007297520302606668j),3840800000
(-0.6356579511084351-0.3638844651377699j),(-0.010716773516595245-0.006414413477683256j),3846100000
(-0.6420503249412315-0.3641662659973284j),(-0.010883482152815005-0.005256834739401089j),3851400000
(-0.6488849065158074-0.35316541511268984j),(-0.011043055628846563-0.004232782074110641j),3856700000
(-0.6495244078949879-0.35801347470024597j),(-0.011160470136179651-0.003781305588685696j),3862000000
(-0.6582581339986772-0.35065725709286716j),(-0.011378529948376528-0.002079594459282949j),3867300000
(-0.6587475586091692-0.3498523797299837j),(-0.010910704324335614-0.0016706168927608617j),3872600000
(-0.6648697130905894-0.34414922205173154j),(-0.011107847231571696-0.000351192405769034j),3877900000
(-0.6701541944238333-0.34207772091303834j),(-0.010641227946507164+0.0008612405283616334j),3883200000
(-0.6727113676904233-0.33983589706012374j),(-0.010021143940318512+0.0016389576505248676j),3888500000
(-0.6771878972009178-0.33702356908446984j),(-0.009369399462622502+0.002076472903539816j),3893800000
(-0.6848067003108981-0.33239999490003286j),(-0.00881805236977914+0.0028149817929634157j),3899100000
(-0.689013283364676-0.3329521762112944j),(-0.008293498488038082+0.0033776253910250426j),3904400000
(-0.6955752841717712-0.32648935551620395j),(-0.007929950616543687+0.003923553026589902j),3909700000
(-0.7000115370467865-0.3283606030871905j),(-0.007283532584452451+0.004168335724989165j),3915000000
(-0.704904086894973-0.32410459068839864j),(-0.006262917191022435+0.004640245032738001j),3920300000
(-0.7126531375938857-0.32160700690562105j),(-0.005833508159210292+0.004885985543622548j),3925600000
(-0.7201151610698521-0.31576790754411116j),(-0.0051547070207555385+0.005124450853890829j),3930900000
(-0.7253726623219159-0.3142174445213132j),(-0.004696547420722129+0.004999485742946194j),3936200000
(-0.7312038329459658-0.3103503895532589j),(-0.004011590583609316+0.005067460509903169j),3941500000
(-0.7419078952594059-0.30272563792744905j),(-0.0035695084240564153+0.00533171525366112j),3946800000
(-0.7477115688483271-0.29506017231009024j),(-0.003017368775035778+0.005004275066457411j),3952100000
(-0.7509831843089535-0.2943999360519901j),(-0.002474869657482937+0.005013350943042711j),3957400000
(-0.7604323993696595-0.2838998525989529j),(-0.0020715336610188703+0.0050736616675037885j),3962700000
(-0.7639369946437432-0.2827860689887848j),(-0.001572539481577132+0.00467425684639073j),3968000000
(-0.7748981043912246-0.2715723404076589j),(-0.0014278532677454807+0.004405815873485937j),3973300000
(-0.7790392653647923-0.2706070918313657j),(-0.0008713346378535242+0.0042380357931130095j),3978600000
(-0.7869819044381341-0.2628118906815413j),(-0.0008250144780541382+0.004363411993581765j),3983900000
(-0.790426490213529-0.2603332827127915j),(-0.00034701736204373064+0.0040289131027330515j),3989200000
(-0.7987398647022547-0.25188259631885707j),(-0.00010535803777162828+0.003920526718998171j),3994500000
(-0.8040584364803562-0.24466484357764223j),(6.900449151474086e-05+0.0037303688520753287j),3999800000
(-0.8103778692354827-0.24085742397806534j),(5.61734440184283e-05+0.0033981192389448195j),4005100000
(-0.8173012272551718-0.23514213316375332j),(0.0004008385437473806+0.003381958352602705j),4010400000
(-0.8239358146823668-0.2289216760177492j),(0.0004714612833259746+0.0030965935430836127j),4015700000
(-0.8333672516742414-0.2189153290916842j),(0.0005308511841775192+0.002734851084475427j),4021000000
(-0.8389238331510811-0.21389479260064462j),(0.0006214199471807499+0.00263203861232274j),4026300000
(-0.8423205270416856-0.20943349957499055j),(0.0006723851298535326+0.00240943502482646j),4031600000
(-0.847810636923758-0.19877627082479657j),(0.0007924838499978818+0.002373275746925214j),4036900000
(-0.8515854397245238-0.1897775878972467j),(0.0008566215165626269+0.002322050211282645j),4042200000
(-0.8535819597835387-0.18345090345155232j),(0.0007607762670385656+0.0019699355748561j),4047500000
(-0.8581500701046213-0.17707890686636402j),(0.0008410682380125761+0.0018587376087510518j),4052800000
(-0.8605418722612465-0.16899210738069406j),(0.0006398013754828068+0.001574251606292004j),4058100000
(-0.8641070413129803-0.15975835387491327j),(0.0006641146652148645+0.0015006124796246405j),4063400000
(-0.8662190170626057-0.15610854407098257j),(0.0008184849933763106+0.0013189914759488615j),4068700000
(-0.8687635302033483-0.15043767553399218j),(0.0007719762662567509+0.0014554796509336887j),4074000000
(-0.8703815164633654-0.14386281078054844j),(0.0005868545064417318+0.001349048372670287j),4079300000
(-0.8750996376942056-0.13634200263905086j),(0.0005285241378805402+0.0011795698285071517j),4084600000
(-0.8751180913919079-0.12966884535078416j),(0.0005207191443180497+0.0012175916923787662j),4089900000
(-0.8780314987088084-0.12362035754466151j),(0.0005378559156458173+0.0012099745951434518j),4095200000
(-0.8807882770062245-0.11821949107170365j),(0.00046617050297062903+0.0011430108522151108j),4100500000
(-0.8817021413748515-0.1114810234711968j),(0.0005828584707706806+0.0011358375014261365j),4105800000
(-0.8853864194938231-0.10346276776643187j),(0.0005676198698865193+0.0011061279831254941j),4111100000
(-0.8866509734457676-0.09864045812814867j),(0.000484582139252882+0.001060096412840736j),4116400000
(-0.887697151913594-0.09032948185925221j),(0.0004163744218729812+0.0010040828828803922j),4121700000
(-0.8890225950797488-0.08430621988224954j),(0.000531340349929802+0.0009360710059365752j),4127000000
(-0.890675564512335-0.07944258378894671j),(0.00032222201393854074+0.0009229492382313617j),4132300000
(-0.8911465226531851-0.07107267740482119j),(0.00035737165980552905+0.0010122992582022258j),4137600000
(-0.8921683536019042-0.05978992879978807j),(0.0004001706170406252+0.0009862375874832023j),4142900000
(-0.8931312667138342-0.05791510656754141j),(0.0002942637861102638+0.0009897287881388604j),4148200000
(-0.8933169413274814-0.050159656938492815j),(0.0003740990953936429+0.0010108494044396468j),4153500000
(-0.8960684361650892-0.045917765894489836j),(0.00028352151270467744+0.0010006194302503066j),4158800000
(-0.8967000292487319-0.03823790813918019j),(0.000353065409422749+0.0010220270917136068j),4164100000
(-0.8987311110188584-0.034851952181780915j),(0.00029826324727122335+0.0008580149862852944j),4169400000
(-0.8981442124707022-0.022026092308113518j),(0.0003148133820109312+0.0009851623437857374j),4174700000
(-0.8999545468780856-0.02593868091591529j),(0.0003584270286157582+0.0010565247254937745j),4180000000
(-0.8984919810866487-0.016827779058830254j),(0.00020345097237863948+0.0010109537673833112j),4180000000
(-0.9021643316403161-0.012561096287268172j),(0.0004413129342341773+0.0009529588540289969j),4185300000
(-0.9016611558449545-0.008522376572366472j),(0.00020479295210371144+0.0011322587455644927j),4190600000
(-0.9016087109733398+0.006815394591712544j),(0.00020467605610993236+0.0011201028147649489j),4195900000
(-0.9043107736944326+0.006065185351047697j),(0.0003003464865375773+0.0010667344283045324j),4201200000
(-0.9034398031177683+0.012706410351270292j),(0.0003012774005123482+0.0011879913224471092j),4206500000
(-0.9045331041820202+0.01734344160921797j),(0.0003863221800028254+0.0011931412037448812j),4211800000
(-0.9054867565821945+0.02728743427973159j),(0.0003256708120983635+0.0012537698722239858j),4217100000
(-0.9049272741310751+0.030801453954790198j),(0.0003851253411309368+0.0011181628699471436j),4222400000
(-0.9059508363759997+0.03518054845176689j),(0.0004666718557810092+0.0011345504997009898j),4227700000
(-0.9078070059908412+0.044691531820823166j),(0.0004642713408704917+0.0011324403855887415j),4233000000
(-0.9069723372614266+0.04852104613720158j),(0.0004166667156210429+0.0011761192494307005j),4238300000
(-0.9073618918981269+0.0602159496310847j),(0.00048410413089638543+0.0011026366207873232j),4243600000
(-0.9074190676143157+0.06398330789385946j),(0.0005392880993212692+0.0011084411586920414j),4248900000
(-0.9083266467776993+0.06788593518937262j),(0.0005284188361976512+0.0011601238532892113j),4254200000
(-0.9076287816592254+0.07574692632908725j),(0.0006288497357243519+0.001093374639649664j),4259500000
(-0.9091352964800198+0.08363573020993889j),(0.0006504809095005304+0.001229695155468267j),4264800000
(-0.908182600493631+0.08362196905163474j),(0.0008158744648338203+0.0013409891211430434j),4270100000
(-0.9075875879498163+0.09189693310920424j),(0.0008610437294722255+0.0011939746089921332j),4275400000
(-0.9043620874573481+0.10928190108019535j),(0.000910129633534106+0.0012193454169240356j),4280700000
(-0.905223660057892+0.11134814569256496j),(0.0010737881174231374+0.0012505754124914387j),4286000000
(-0.9035682900407661+0.11433817569761949j),(0.0009760098310227764+0.0012054259118616008j),4291300000
(-0.9023240897522282+0.11844965854195641j),(0.0011272383361263022+0.0009958655915905893j),4296600000
(-0.9008045470712454+0.13261002176477507j),(0.0011270555265020833+0.0011275515643935526j),4301900000
(-0.8998702537520651+0.13261194196907738j),(0.0011184045402532628+0.0011286603039176249j),4307200000
(-0.896655328101185+0.13050931330493287j),(0.00119301608947952+0.0009934459440030026j),4312500000
(-0.8970713894625176+0.13860664464944544j),(0.0012709549385734526+0.0009952369343111673j),4317800000
(-0.8969105189967067+0.14923044905260804j),(0.00130005300823993+0.00111165699374223j),4323100000
(-0.8976202385276852+0.14993791239340282j),(0.0013513176329572017+0.0009211135270895824j),4328400000
(-0.8968985747536007+0.15825159551199453j),(0.0013797134845589408+0.0009992461947580362j),4333700000
(-0.8982388666031916+0.16371184146075518j),(0.0016285576245156823+0.0008195057533673717j),4339000000
(-0.8958374857022351+0.17544357924339332j),(0.0015624504252317326+0.0008306129505305599j),4344300000
(-0.8961302429046573+0.1815002301015262j),(0.0014708157121367303+0.0007740046126895233j),4349600000
(-0.894050726723083+0.18678959175859922j),(0.0016058466656519888+0.0007155553360790312j),4354900000
(-0.8938955506312073+0.19446726352176313j),(0.0015532081792616406+0.0005503675427064498j),4360200000
(-0.8917289555411457+0.20314707312948996j),(0.0017069041640333062+0.0005851213143338688j),4365500000
(-0.889895568544518+0.20765188129294662j),(0.0016987983742731618+0.000537369491973918j),4370800000
(-0.8878157643310376+0.21326902139753506j),(0.0017400507115299176+0.0003943666511268683j),4376100000
(-0.8860516886205507+0.22129643697868173j),(0.001686234690701933+0.0003571748872818916j),4381400000
(-0.8835033593349155+0.22598385380908295j),(0.0018066927816151224+0.0001905782711212836j),4386700000
(-0.883197948224468+0.23209851342957782j),(0.0018338321049316784+4.6468201205786844e-05j),4392000000
(-0.8820879730724888+0.23515975513246792j),(0.0018631504586300355-0.00010397388605901838j),4397300000
(-0.8787390171630696+0.243831760858091j),(0.001840278146003859-2.727293173222923e-05j),4402600000
(-0.8776215808627824+0.2503058037606315j),(0.0017821271870587666-0.00022155747301873764j),4407900000
(-0.8752387376540631+0.25596224895192904j),(0.0017961092205200987-0.00026089658822845037j),4413200000
(-0.8735636672967964+0.26239487318364924j),(0.0016947273896084443-0.0003630031327816954j),4418500000
(-0.8727598490634123+0.2656728916760245j),(0.0016463399709141055-0.0005515290111445529j),4423800000
(-0.8688055183196625+0.2771557793748436j),(0.00172910706339318-0.0006116859686649956j),4429100000
(-0.8677770053605888+0.27977300091871465j),(0.001623550659030182-0.0006990980848023414j),4434400000
(-0.8631219980303414+0.2902969211566173j),(0.0015995011448378246-0.0007638639770289203j),4439700000
(-0.8622566200868476+0.292116884073319j),(0.0014949097055816977-0.0009264102407750968j),4445000000
(-0.8642354301620315+0.29418545285494585j),(0.0014069882534725037-0.0008780512362887555j),4450300000
(-0.8593179605466204+0.3029826098402252j),(0.001374180378413514-0.000969313830289706j),4455600000
(-0.8564646676972495+0.31109913145077767j),(0.0013783965937776718-0.0009786681527935224j),4460900000
(-0.8537209781924019+0.3135161186379487j),(0.0012468865941656067-0.0010400045392840907j),4466200000
(-0.8485949346802927+0.3235774832258541j),(0.0010246779931574264-0.0010604986689246717j),4471500000
(-0.8460107545086182+0.3235190343577408j),(0.0010518302168266874-0.0010036871321783588j),4476800000
(-0.8445494048229124+0.33046660981973075j),(0.001027731509369991-0.0010882771311430317j),4482100000
(-0.8432089793311807+0.32645277928652583j),(0.0009162749144600438-0.0011786994546101749j),4487400000
(-0.8410743387498361+0.3317757849951723j),(0.0007948774942011108-0.0010442205988752326j),4492700000
(-0.8408637011090561+0.33697019328379196j),(0.0006511540714587477-0.0010903717860842926j),4498000000
(-0.8404476907600844+0.3434967090029819j),(0.0008219420270020202-0.001111415104258824j),4503300000
(-0.8399329129848325+0.34734914032358144j),(0.0006180450601334004-0.0010651339650040695j),4508600000
(-0.8359486007519313+0.3549316659431998j),(0.00044023399975457275-0.0009583353586877354j),4513900000
(-0.8316014256478366+0.36331387019605343j),(0.0006452541481114706-0.001039866166325479j),4519200000
(-0.8315665166164091+0.36467708813316j),(0.0005277685257952918-0.001039146476152635j),4524500000
(-0.8269145368882843+0.3713720374777996j),(0.0003028457216965574-0.0009137109234702648j),4529800000
(-0.8264163550706217+0.378909754619316j),(0.0002899091915802518-0.0008390668854139421j),4535100000
(-0.8226716474773441+0.3805710133015387j),(0.00019727446700081833-0.0011124576045820835j),4540400000
(-0.8213597097993849+0.3923034354209768j),(0.0002599099966925926-0.0009111512361114605j),4545700000
(-0.8136933197635717+0.4017010287421145j),(0.0002186970335343645-0.0008093384211848064j),4551000000
(-0.813654929712193+0.40328434067299984j),(8.39470743803887e-05-0.0007872717601405859j),4556300000
(-0.8070889488385444+0.41529892935888796j),(-4.187594650559608e-05-0.0007999164509788797j),4561600000
(-0.8042704273314556+0.41443726296664823j),(2.400054389405222e-06-0.0006272931937420882j),4566900000
(-0.798084381284233+0.42284005055108165j),(-9.9274742146865e-05-0.0006036731956320306j),4572200000
(-0.7917768711618839+0.43302537496663845j),(1.5569018768974106e-05-0.0004476428109249916j),4577500000
(-0.7924714377343375+0.4283428680175591j),(-2.338910873083505e-05-0.0003913523191154399j),4582800000
(-0.7763159204075957+0.4427838145367566j),(0.00010522551172171506-0.00034785427576003577j),4588100000
(-0.7721307701360917+0.44108276598769636j),(-1.7614241285836195e-05-0.00019889130101855985j),4593400000
(-0.7644635583825727+0.44985923215910256j),(1.9795034439664266e-06-9.609743185606426e-06j),4598700000
(-0.7581463975823783+0.4453445052393552j),(1.026908235828108e-05-2.4536717085298954e-05j),4604000000
(-0.7517298600160551+0.4500742832642726j),(3.949490962968567e-05+9.906327842725353e-05j),4609300000
(-0.7460712450895003+0.4544503609894677j),(-3.608257263709391e-05+0.0002593483213052j),4614600000
(-0.7496543226329418+0.45493436034476387j),(0.00012626009771444466+0.0004022517445089981j),4619900000
(-0.74930711410793+0.459515266427358j),(0.0002872984087948561+0.0005012478688886295j),4625200000
(-0.7532094374250204+0.4602072524954179j),(0.00031333073167452626+0.0006193134093431513j),4630500000
(-0.7473435733734087+0.47264624586421655j),(0.00048694478435358973+0.0008332415894108527j),4635800000
(-0.7433797915470944+0.4816968059572859j),(0.0006007008636332708+0.0008681859765456285j),4641100000
(-0.7429262256136437+0.4855328273106646j),(0.0008276943860536612+0.0009617115323198326j),4646400000
(-0.7377177902475102+0.4962696201875276j),(0.0008681214926187407+0.0010269338254626735j),4651700000
(-0.7269384458668025+0.5058241285336033j),(0.0011677926604548214+0.0010653163998360236j),4657000000
(-0.7187519039770338+0.5146723098925576j),(0.0014509000667357022+0.0011768841385421858j),4662300000
(-0.7180191983712415+0.5159562646927403j),(0.0015627328824906967+0.0011182020729551645j),4667600000
(-0.7090895471111388+0.5266023392988417j),(0.0019359258680608882+0.0011337746701915456j),4672900000
(-0.7029402675465269+0.5353716222426297j),(0.0023534439532867323+0.0011279600546536058j),4678200000
(-0.6992205874400814+0.535231657779637j),(0.0025288083706508746+0.001175823067357835j),4683500000
(-0.6937647512030075+0.5424633824840308j),(0.002873229244148943+0.0010225349500521373j),4688800000
(-0.6867112040777664+0.549063786724396j),(0.003124727741824039+0.0008525889223443654j),4694100000
(-0.6863430912246102+0.5521093783152979j),(0.0034124957961340955+0.0007079093037974788j),4699400000
(-0.6745734648426623+0.5610168171826484j),(0.003884699459374427+0.0005244665946980021j),4704700000
(-0.6701371154565439+0.5607610016757894j),(0.0040882434523622+0.00024969154397236755j),4710000000
(-0.6695340202709715+0.5615307251452665j),(0.004076907078300127+0.00032577429445924825j),4710000000
(-0.6645089535764158+0.5673883351229065j),(0.004269970929274905-6.0685483100970895e-05j),4715300000
(-0.6548431367057428+0.5709240155457813j),(0.004676930694302244-0.00020634259219809426j),4720600000
(-0.6477742687402726+0.5751758622010684j),(0.004956861040373724-0.0006237156642960028j),4725900000
(-0.6457096339437169+0.5757036002857213j),(0.005243845572821091-0.0009736244400156288j),4731200000
(-0.6353772967284351+0.5849483920594153j),(0.005534634809015314-0.0015366703151059409j),4736500000
(-0.630049841534391+0.5815652395456469j),(0.0056686495612973-0.0018419819359206842j),4741800000
(-0.6240926196727755+0.5846541309306701j),(0.005928055701356421-0.002439293292068093j),4747100000
(-0.6158040455159156+0.5879668057267666j),(0.005959728040775791-0.003000422914239114j),4752400000
(-0.6065956231571281+0.5893392665995849j),(0.006116997633896181-0.003547491979554381j),4757700000
(-0.6051946467377023+0.5843057859916763j),(0.006053604461444238-0.004008954046109797j),4763000000
(-0.5946649422881681+0.5883458156594685j),(0.006147287238270258-0.004629319534501028j),4768300000
(-0.590904984599063+0.5880356330397463j),(0.00624145488965892-0.0054165730835796936j),4773600000
(-0.5799216696377637+0.5922070750202612j),(0.005994281679344388-0.006075431244044351j),4778900000
(-0.5796234685370423+0.5876751845574689j),(0.005890967513278271-0.006695773914071524j),4784200000
(-0.5719024682846661+0.5923128002834464j),(0.005789609335447279-0.007454768328853733j),4789500000
(-0.5688255173936353+0.5922241204420655j),(0.005494156536691687-0.00808161635544138j),4794800000
(-0.5679030621530206+0.5930412196717311j),(0.005135228712846121-0.00896698361794385j),4800100000
(-0.5687158008691535+0.5898954459127933j),(0.004887251273695992-0.009693974489629843j),4805400000
(-0.5532449208985444+0.6051323254534704j),(0.0041561808730440925-0.010661772464813337j),4810700000
(-0.5475895964280573+0.6072857505712737j),(0.0035499191762469236-0.011419078541043197j),4816000000
(-0.5468486522419889+0.6066109502217376j),(0.0029455956384694705-0.012039162266089982j),4821300000
(-0.5324102764597312+0.6165914008469966j),(0.0021000787802132118-0.013111497888002659j),4826600000
(-0.5243868302048506+0.6183379896527929j),(0.0013011396379457953-0.013779754884066757j),4831900000
(-0.5184894826387302+0.6191220014970746j),(8.320386765351111e-05-0.014416246958278532j),4837200000
(-0.50180804800656+0.6240570743644583j),(-0.001088615328166011-0.015012380448849028j),4842500000
(-0.4925695331635525+0.6282204612151089j),(-0.0025844001548275507-0.01535182224668441j),4847800000
(-0.48799947581126835+0.6279082527588615j),(-0.0038767906018767383-0.015698058510655824j),4853100000
(-0.4843910928016083+0.6248454410335775j),(-0.005175977520308577-0.015819851056587588j),4858400000
(-0.46483235471237383+0.6284401737464476j),(-0.006749647450602516-0.01605528809502671j),4863700000
(-0.45682549085784263+0.6270386707511478j),(-0.00794579824237463-0.01592331021970026j),4869000000
(-0.4443630454033736+0.6233487963611931j),(-0.009528337127976606-0.015913429752813887j),4874300000
(-0.4402583069832464+0.6193303839927056j),(-0.011045914966844076-0.015553253794991362j),4879600000
(-0.4231325747445225+0.6208010875161922j),(-0.012607741667305902-0.014833372767166347j),4884900000
(-0.4224563049138237+0.6095960012128178j),(-0.014028224347202512-0.014321653411507046j),4890200000
(-0.4128802349194933+0.6096644557482062j),(-0.015554500174275827-0.013570487687452618j),4895500000
(-0.413993056337299+0.6037522097080704j),(-0.017023734773137-0.012685670485279148j),4900800000
(-0.40777031976260847+0.6058393277819224j),(-0.018568300072301383-0.011525900037647112j),4906100000
(-0.40768796661153245+0.603926014784334j),(-0.019763020112616957-0.010347560931123486j),4911400000
(-0.3990298883996265+0.6063393806300637j),(-0.02100960153680404-0.008960358212723209j),4916700000
(-0.40490662694872376+0.6040920909713992j),(-0.022149142284671665-0.007721966875429646j),4922000000
(-0.3879723980781899+0.6102728167408027j),(-0.023405735017070592-0.005920894059172108j),4927300000
(-0.38615473312389686+0.6142170763176407j),(-0.024608695859685715-0.004108399914255219j),4932600000
(-0.38169020681453336+0.6194359700347399j),(-0.02522044912932875-0.002374650512433161j),4937900000
(-0.37574557391423274+0.6193934310191356j),(-0.025916782842369965-4.773460800171995e-05j),4943200000
(-0.36506395862364566+0.6209032512516031j),(-0.026114258056958217+0.0020255356677105134j),4948500000
(-0.3601324984380843+0.6211676316388246j),(-0.026332057165455162+0.004226298778186744j),4953800000
(-0.3491471209028631+0.6236992497137862j),(-0.026241449911008834+0.006452227475140885j),4959100000
(-0.33734008065715154+0.6199033262356387j),(-0.025820383833240475+0.008577276321644685j),4964400000
(-0.3302338998695972+0.6182698942190412j),(-0.025634221895668635+0.010956327524339778j),4969700000
(-0.32800568564826543+0.617247828527544j),(-0.02479337159836134+0.013058754566063122j),4975000000
(-0.3141002501968483+0.6127003839841821j),(-0.023747434883327104+0.015074780198173229j),4980300000
(-0.30615189491293104+0.6119799805701034j),(-0.022665914142369323+0.017138377730502034j),4985600000
(-0.30683813685558464+0.6056378905815377j),(-0.021416940884892894+0.019062809022149314j),4990900000
(-0.28985900651853697+0.605835693336322j),(-0.019873058839770686+0.020678261575002424j),4996200000
(-0.28063797722960304+0.6020057094680514j),(-0.01838268784174318+0.022223906273854524j),5001500000
(-0.2735220019877054+0.5961470489415087j),(-0.0168700136435504+0.02346696507901238j),5006800000
(-0.26836253035182506+0.5900580211021462j),(-0.014788764954636267+0.0249425897433581j),5012100000
(-0.2564809758538929+0.5849327209739986j),(-0.01346108290531026+0.02558665638336007j),5017400000
(-0.24847089073042122+0.5780742892324164j),(-0.011188444014082297+0.026775374185503083j),5022700000
(-0.24001599340213206+0.5744888398830211j),(-0.009434554107276817+0.027453545781749283j),5028000000
(-0.23022367644214634+0.5686559943180933j),(-0.0071133242132644155+0.028120806938674713j),5033300000
(-0.22387476972697126+0.5601781880239599j),(-0.005549411476869886+0.02822135312690837j),5038600000
(-0.2131783907124884+0.5527391451862824j),(-0.003468664872743111+0.028605946947090954j),5043900000
(-0.20884707469364516+0.5421881238072116j),(-0.0016467187569866137+0.028603376308881195j),5049200000
(-0.2028299800249104+0.5329180933316505j),(0.0004778750254394318+0.028774749792763895j),5054500000
(-0.19968937258971098+0.5216433774246321j),(0.001750635683651718+0.02867724386174338j),5059800000
(-0.1914126102788335+0.5134671407764824j),(0.004033943900597877+0.028629619716115717j),5065100000
(-0.18876542643276714+0.5053340335516837j),(0.0057485651993310965+0.02825966484539716j),5070400000
(-0.18516633595571694+0.49409512896299285j),(0.007425187019828792+0.028020321009627494j),5075700000
(-0.18424204594940038+0.4833427803772857j),(0.009657879444823892+0.027692326330752904j),5081000000
(-0.18604460420418392+0.47378290600541645j),(0.010777860115596703+0.027507941630852482j),5086300000
(-0.1828251179262559+0.4619815659054245j),(0.013162032074694841+0.026922030239180536j),5091600000
(-0.1823982041201988+0.45243222700442226j),(0.014439114679515764+0.02653348753859382j),5096900000
(-0.19033195064711864+0.4413533294266317j),(0.01656070464692575+0.025663512733144364j),5102200000
(-0.19330765493790752+0.42993328382703394j),(0.018434863428002223+0.024992168773492265j),5107500000
(-0.18818140621667476+0.42011451915844j),(0.02032964948704336+0.023972467537865118j),5112800000
(-0.1962624200816712+0.4055074812136704j),(0.022134698511118437+0.02324943013886297j),5118100000
(-0.2005618675066028+0.39330787290249875j),(0.024232288148554677+0.021838992075950664j),5123400000
(-0.20491964450690306+0.38172441068140506j),(0.026438805561336397+0.020339011687403333j),5128700000
(-0.20880453615104147+0.37056294778008847j),(0.028225860147427055+0.018519543147769407j),5134000000
(-0.2183824238276227+0.36021855102986705j),(0.030027026239796317+0.016749124722984093j),5139300000
(-0.22969359234959658+0.3520137162996808j),(0.031692973613504274+0.01484650555282267j),5144600000
(-0.23405596624392846+0.34294244908796506j),(0.033338188579575184+0.01204679598005026j),5149900000
(-0.2511794362942476+0.3299164239040852j),(0.034394623906446785+0.010363926244786012j),5155200000
(-0.2513206443131421+0.3295902288397854j),(0.03584325494554145+0.006454385397727802j),5160500000
(-0.26702839830678776+0.32356956735190195j),(0.03680465095542281+0.00356605494123344j),5165800000
(-0.2821036662823891+0.3196111779910308j),(0.037550461734598875+0.00075520411965565j),5171100000
(-0.29702472655657247+0.31358146478105875j),(0.03771149985416231-0.0022663552942130474j),5176400000
(-0.29938534700208774+0.31478374028230016j),(0.037536508498969015-0.006083351507386343j),5181700000
(-0.3167246005597934+0.30983597590081763j),(0.03698934062525041-0.008941172853021822j),5187000000
(-0.32713837984758737+0.3096976040215521j),(0.03622984620682122-0.012210897970065113j),5192300000
(-0.3341754223311108+0.31357183783735243j),(0.03499592629578727-0.015801629804358792j),5197600000
(-0.3491905274878464+0.316556216702863j),(0.03337668518165994-0.018971160442884265j),5202900000
(-0.3657902278415399+0.3172945542374695j),(0.031493750536080715-0.02139362664088383j),5208200000
(-0.37938108177079094+0.3253690039427107j),(0.029341620549430337-0.02397136661584302j),5213500000
(-0.38641856481916725+0.33213603959921495j),(0.02646828566007512-0.02679375553783905j),5218800000
(-0.39924062547872974+0.3396474806431135j),(0.023774461430716955-0.028560887743770132j),5224100000
(-0.4059171536733503+0.35498184626590645j),(0.021050211821994066-0.030236593998749194j),5229400000
(-0.4193249151249529+0.35915846332524126j),(0.017729569241166795-0.03106327150635274j),5234700000
(-0.42585664787111166+0.37194203708995194j),(0.01486735767021587-0.032008795492001176j),5240000000
(-0.41706462239817027+0.3768986848219821j),(0.0147237977058348-0.03193044530152838j),5240000000
(-0.43442256791823386+0.37972848665946957j),(0.011992539149265069-0.032236153521507487j),5245300000
(-0.43881694571457974+0.3917896201007202j),(0.008926922278267472-0.032497364359288454j),5250600000
(-0.437417531272355+0.40860624202652535j),(0.006354368575346282-0.03248310782287942j),5255900000
(-0.44413344972445706+0.414558233827083j),(0.003967430726690525-0.0314122464976419j),5261200000
(-0.4429175806962416+0.42667008260511063j),(0.0008417968281594799-0.030827323293527727j),5266500000
(-0.4487599002349728+0.4354766191352782j),(-0.0008230622314841264-0.02981511541946481j),5271800000
(-0.4428350586088541+0.45138515895531517j),(-0.0029637750344766933-0.02872189436463621j),5277100000
(-0.45071811842130693+0.45623012677436564j),(-0.004772935864368944-0.027953696728407848j),5282400000
(-0.4473323603402822+0.4708614593126953j),(-0.006741420861611376-0.026769274337595912j),5287700000
(-0.44645136480392017+0.4808773623942735j),(-0.008266081214677383-0.025236151974115637j),5293000000
(-0.4419536311669275+0.4936806681753434j),(-0.009642415391929072-0.02391343028991641j),5298300000
(-0.4400129553953283+0.5050200429554121j),(-0.010954844578901037-0.022514422340376563j),5303600000
(-0.44065152840606975+0.5138249508339758j),(-0.01196660372103487-0.021261967254821608j),5308900000
(-0.4373740780827143+0.5249460622302411j),(-0.012792075486648504-0.019777114726246058j),5314200000
(-0.4367829284155122+0.5275321473118312j),(-0.013411816008354643-0.01844960504989724j),5319500000
(-0.4310412418937789+0.5473507769784665j),(-0.014271102687606334-0.01701563654769663j),5324800000
(-0.42723228296252785+0.553453489037749j),(-0.014957452100534983-0.015702940867821633j),5330100000
(-0.41750100129223966+0.5648202997080385j),(-0.015244468592697537-0.014310044524145905j),5335400000
(-0.417228016045095+0.573488225174016j),(-0.015670340604559106-0.012648746566060754j),5340700000
(-0.41100396665481365+0.5873085237859303j),(-0.015655041385252626-0.011108122274178074j),5346000000
(-0.41170727950754626+0.5915155512268492j),(-0.015956711924797536-0.010485604528448387j),5351300000
(-0.40681794529785614+0.6008182633130202j),(-0.0158949557197115-0.00935611398373009j),5356600000
(-0.40648719679738826+0.6029212653424872j),(-0.015994929172072077-0.007933735855404304j),5361900000
(-0.4000905804889272+0.6125449159526158j),(-0.01610748927691994-0.007013422573150447j),5367200000
(-0.3994259351804836+0.6213715633057352j),(-0.015548508931913344-0.0059896152146152746j),5372500000
(-0.4010350110569965+0.6285291956261444j),(-0.015455294974938015-0.004957370277956563j),5377800000
(-0.39712133064064314+0.6387298715632522j),(-0.015578129114657908-0.00410734353680834j),5383100000
(-0.39594590419494563+0.6463495823674463j),(-0.01498746539568241-0.0033036280412055375j),5388400000
(-0.3945723137777992+0.6538825629669794j),(-0.014988288299698898-0.0024830138497003314j),5393700000
(-0.3910708459398845+0.6614900148090451j),(-0.014570322392745924-0.0018722359203769971j),5399000000
(-0.3854889054890102+0.6728106327573858j),(-0.014570111180721362-0.0011524891096547597j),5404300000
(-0.3820637324032207+0.6783862021081725j),(-0.014155019562900597-0.0007585597636652424j),5409600000
(-0.3693365042307429+0.6891674019589065j),(-0.013919256465360614+7.587795390584431e-06j),5414900000
(-0.3584845671714494+0.6972068190743785j),(-0.013746663963777639+0.0007512419235110633j),5420200000
(-0.354275077393226+0.708352904198216j),(-0.01326121891911222+0.001294985961730507j),5425500000
(-0.3443590943635019+0.7118736442787087j),(-0.012714619671119217+0.0019346393479578341j),5430800000
(-0.34317065366792926+0.7174408937285365j),(-0.012560501966012026+0.00248193284814072j),5436100000
(-0.319455666605744+0.7259280017207105j),(-0.011971287350751161+0.002737478919344184j),5441400000
(-0.3085156242953454+0.7229851048555888j),(-0.011454408175830199+0.0031249530051900305j),5446700000
(-0.2891001025484351+0.7320548438974475j),(-0.01109115741983833+0.003925848048157866j),5452000000
(-0.28047430926109446+0.7323320860373221j),(-0.010555552258072875+0.004359065454169746j),5457300000
(-0.26936932377460265+0.7321057603109283j),(-0.009856849354535239+0.004649787906891906j),5462600000
(-0.2609520153742461+0.7269523004924334j),(-0.009615278646382716+0.004884673761470169j),5467900000
(-0.25024922499373375+0.7261254267399666j),(-0.00926592218417046+0.005336985600404793j),5473200000
(-0.2541811087898642+0.7244327028788671j),(-0.008746270285507085+0.004926165003338444j),5478500000
(-0.23235290037151307+0.7248203748657238j),(-0.007974719067228605+0.0054716084754605505j),5483800000
(-0.24441618746030966+0.7208204219737233j),(-0.007823606072956566+0.005526256925369457j),5489100000
(-0.23305191856752208+0.725254198775155j),(-0.007407016593317325+0.0057782932994395j),5494400000
(-0.22532635924108066+0.720474455695696j),(-0.00689577018452634+0.005591579087200231j),5499700000
(-0.2352556660872708+0.7318358102938214j),(-0.006757633452202957+0.005968444940488055j),5505000000
(-0.23351321210462606+0.7346585564113617j),(-0.006105352924142306+0.0059289412937537965j),5510300000
(-0.2303060658664366+0.74467764884436j),(-0.006036773672154021+0.006055566700301619j),5515600000
(-0.2130110373997936+0.7560853191578831j),(-0.005645632190331014+0.0062323463815377456j),5520900000
(-0.21133236810647574+0.7574962368428045j),(-0.005595761723166938+0.006016164366584255j),5526200000
(-0.19558948199439904+0.763620134174593j),(-0.004948478806903665+0.006306468352382587j),5531500000
(-0.19131582407874959+0.7669370811285843j),(-0.00463442909671007+0.0064146993146145005j),5536800000
(-0.1669281956780944+0.7665107458495755j),(-0.004156850961932228+0.006216940987623278j),5542100000
(-0.16164618551138366+0.7701584845512056j),(-0.004329910939834279+0.006299777212494265j),5547400000
(-0.139641575648816+0.7728890915285226j),(-0.003934502081866376+0.0061563847078021155j),5552700000
(-0.14432618419379165+0.764536915877808j),(-0.003439024911408897+0.006127465645559116j),5558000000
(-0.1392795059742984+0.7681569553715458j),(-0.0034375511550266704+0.006007907793968462j),5563300000
(-0.13054822744124278+0.7720207320323614j),(-0.0031086613537766117+0.006092629006877306j),5568600000
(-0.10851240194537533+0.7672040371353764j),(-0.0029320103045361464+0.006032653968431613j),5573900000
(-0.09594008241576092+0.770934071447157j),(-0.002760952257954194+0.005942457386077709j),5579200000
(-0.08413936632540056+0.7715323265401061j),(-0.0026876110538512007+0.0058425397127552115j),5584500000
(-0.065484166535664+0.767746317565217j),(-0.0021050744047060475+0.006004177713180303j),5589800000
(-0.05849201466726526+0.7732532605044506j),(-0.0022447225908752235+0.005875494070573722j),5595100000
(-0.057499411656579624+0.7723544702958468j),(-0.0020286490341416487+0.005896535737494159j),5600400000
(-0.03420601896277835+0.7782239197024995j),(-0.0016733081164011518+0.005891450678544221j),5605700000
(-0.03143056726092237+0.7748579118842934j),(-0.0015427044013393487+0.005740515840191215j),5611000000
(-0.021684904228659176+0.7768081094878433j),(-0.001485765727160587+0.005627067897182132j),5616300000
(-0.011767328847533723+0.7805525935953728j),(-0.0012706680147905984+0.00572902305943846j),5621600000
(-0.009529281294084018+0.7883413651729365j),(-0.0011309834258052725+0.005710670057654447j),5626900000
(0.0076097357092430335+0.7889355663056432j),(-0.0010059730388336202+0.005841869854492901j),5632200000
(0.008883506448511153+0.7823043523142996j),(-0.0008491767321394078+0.0058079184398532645j),5637500000
(0.01792251074583624+0.7854854807656839j),(-0.0005299425212376532+0.005504172961179869j),5642800000
(0.025791611450057112+0.7813540738955352j),(-0.0005338614293701238+0.005651212034520747j),5648100000
(0.03068868448128411+0.7833075274461023j),(-0.0002877029823132736+0.005732861969271698j),5653400000
(0.031071510502020484+0.7872896876029903j),(-0.00024696423956556965+0.005610441832760543j),5658700000
(0.04199351585092616+0.7841517534167133j),(8.838363668382046e-05+0.005755153157042507j),5664000000
(0.03515897616434944+0.7891397137778386j),(0.00022153458228384073+0.005564075040616758j),5669300000
(0.03922479852809828+0.7885157908374855j),(0.0002587624263412675+0.005750811513133445j),5674600000
(0.0378368750458116+0.7953345674003438j),(0.0002141019363556386+0.005790680451147235j),5679900000
(0.04652390562242317+0.798350857865101j),(0.000449207877931353+0.005515112201577464j),5685200000
(0.05437401912015974+0.8035779649019132j),(0.0006070685113774285+0.00576017841019843j),5690500000
(0.0630013015069102+0.8086006221877925j),(0.0005510060986848239+0.005685595133541193j),5695800000
(0.08717691815853612+0.8072343805016948j),(0.0007960072708288364+0.005989606934488843j),5701100000
(0.08423077811197967+0.8134996485072147j),(0.0010331176473594612+0.005884556574016591j),5706400000
(0.10142174982440579+0.8130491158016275j),(0.0012187217159458643+0.005918997341793947j),5711700000
(0.10399776217054661+0.816194705232566j),(0.0013967514671836385+0.005965032495737215j),5717000000
(0.12986510014190866+0.810241973139883j),(0.001645446452096156+0.005847225309598058j),5722300000
(0.13043742155754046+0.8087688508010101j),(0.001587299403286288+0.005866857299430612j),5727600000
(0.15114200924554216+0.7996529283734375j),(0.002032260718824303+0.005712420288728985j),5732900000
(0.15917293794117915+0.7941076900586485j),(0.002349538995536692+0.005809996688249172j),5738200000
(0.16972629216544657+0.7874443735577693j),(0.0025332589754009406+0.005934603290982961j),5743500000
(0.17127366713630615+0.778044137935218j),(0.002814614819870363+0.005779613154373462j),5748800000
(0.17919535231316336+0.7701863620772046j),(0.0027921371928304535+0.005876243891788176j),5754100000
(0.18696103112612042+0.7705880765940086j),(0.0029159526467652237+0.005749925330474247j),5759400000
(0.1972131098837627+0.7625213485007097j),(0.003185670130980843+0.005804438514956879j),5764700000
(0.1716198430342851+0.7531245929765406j),(0.003321414481611619+0.0058019662763921145j),5770000000
(0.1770073007990855+0.7497033365353989j),(0.003464529712939725+0.005402356306017626j),5770000000
(0.1993820053459723+0.7489494971602395j),(0.003493889338806269+0.005440130635934294j),5775888888
(0.19147546728472586+0.7515478256013561j),(0.0037656612717089618+0.005547422042159482j),5781777777
(0.20727047121611294+0.739721449952494j),(0.0041630270040010214+0.0056323628789876345j),5787666666
(0.20740345343369695+0.7446492901731785j),(0.004083115167557712+0.00555512002533318j),5793555555
(0.2223924226836762+0.7314556216209148j),(0.0045694538890981426+0.005583029853605907j),5799444444
(0.21014356641713422+0.7463735902763359j),(0.0046730767715884095+0.005224244509445571j),5805333333
(0.23248910544375093+0.7418739052426881j),(0.005202152436510242+0.005039965663997184j),5811222222
(0.23689859185401532+0.7437510320712322j),(0.005639957193985659+0.005035059607348408j),5817111111
(0.24691140417210955+0.7370839178219205j),(0.005472162863947327+0.00463489783342801j),5823000000
(0.2627320160558895+0.7384256782892928j),(0.006037922509534511+0.004736860117482086j),5828888888
(0.277626728178686+0.7310625105179194j),(0.006480652896609995+0.004142085424348617j),5834777777
(0.28507582211757343+0.7232043804763353j),(0.006659618668547852+0.004260412015034237j),5840666666
(0.29586891352875194+0.7170924539078407j),(0.007037553969880203+0.004037739846850524j),5846555555
(0.3148735702870784+0.7123578537830895j),(0.007338324572647491+0.0033019308421409783j),5852444444
(0.3315036816235697+0.6986726601930027j),(0.007470708627363569+0.0028631342628358484j),5858333333
(0.33026808379091965+0.6984823466282112j),(0.008074378419421902+0.002760672027058055j),5864222222
(0.33921208945803083+0.6976744957325628j),(0.008287574854443402+0.002305884326997073j),5870111111
(0.35457304733993694+0.6858506328881925j),(0.008607483017636721+0.002112636444071822j),5876000000
(0.35449980368510964+0.6837830321639533j),(0.008791273101454354+0.0012185727101444149j),5881888888
(0.3821942069862765+0.6753078567533022j),(0.008922131723113298+0.0006436378948088976j),5887777777
(0.375924226013041+0.6737048315801836j),(0.009169498130378534+0.0003495665532944655j),5893666666
(0.3802699652258748+0.6660928563176196j),(0.009496714668262927-0.00014866291990386915j),5899555555
(0.3992216495334339+0.6769776082711868j),(0.009684936132237544-0.0010817133037151353j),5905444444
(0.42083280618850055+0.6628576107352087j),(0.009595117101468317-0.0017945769917085976j),5911333333
(0.4187975717088392+0.6664164958714294j),(0.009571020160541127-0.0024477502124414536j),5917222222
(0.42482766806842065+0.6562245677373753j),(0.009555319306155162-0.003131089652319118j),5923111111
(0.42719779159899934+0.651620784783297j),(0.009416637712301003-0.003878477241861695j),5929000000
(0.434817727365243+0.6445363389431276j),(0.009104225743595911-0.004478836425906036j),5934888888
(0.43747195891763785+0.6443360040481186j),(0.00878849237923846-0.005203964953532513j),5940777777
(0.44502019199081794+0.6397618608501706j),(0.008325358382425452-0.0058643998675088505j),5946666666
(0.45068584004058443+0.6411614535014255j),(0.007632848294155205-0.006548806014549965j),5952555555
(0.44943381784134373+0.632469075455642j),(0.007260479142614851-0.0070499748569271894j),5958444444
(0.4529112258609106+0.6263572824620462j),(0.006559840425649123-0.007403707928966298j),5964333333
(0.4513572389992066+0.61364451766106j),(0.006044835843044243-0.007608788741834321j),5970222222
(0.4607930991397764+0.6268336108266112j),(0.005163116078848347-0.008262312232489227j),5976111111
(0.4718506162001709+0.6279393459055607j),(0.0044933824611540635-0.008520850982957351j),5982000000
(0.48359670794076354+0.6266070500699145j),(0.003935476049488169-0.008430481229419848j),5987888888
(0.4940215423284892+0.6324251086908712j),(0.0032838068771421257-0.0087320236909431j),5993777777
(0.5075273802007417+0.6267394563612626j),(0.0019343319478809897-0.009211685685533747j),5999666666
(0.5860534835281065+0.5617682393016862j),(0.0008367578883902388-0.009020814699563014j),6005555555
(0.6590189061909518+0.4780111831843552j),(-0.0008410365926406473-0.009061246827271755j),6011444444
(0.721382211878118+0.3892165778204226j),(-0.00170504608310829-0.0086213981625383j),6017333333
(0.7644804291255773+0.2860290517855683j),(-0.002874223316761393-0.00795921530223577j),6023222222
(0.8020531385091074+0.1877064335667625j),(-0.0036398013979695547-0.007543567452809052j),6029111111
(0.8147096250157189+0.07274163243285493j),(-0.004710852752177609-0.006427009793068048j),6035000000
(0.8302110286933247-0.030254999011015016j),(-0.005294211140094517-0.005786562487727777j),6040888888
(0.8192063255946541-0.14634511022789648j),(-0.005860125806846823-0.004626208214102867j),6046777777
(0.8053112645085972-0.2531452845341345j),(-0.006071701264361294-0.003429776064046568j),6052666666
(0.7685707548763729-0.3651217769404123j),(-0.006390157069110188-0.0020449176878476914j),6058555555
(0.7153434680096031-0.47893313742383287j),(-0.006092846612880515-0.0015752588424314943j),6064444444
(0.6617949659383959-0.579234475018821j),(-0.005936399738248718-0.0009277496353105868j),6070333333
(0.589126713554999-0.6783520265141579j),(-0.005691203157003261+0.0002786343642873556j),6076222222
(0.49330257001474026-0.7680160761178028j),(-0.005733038410655302+0.0009163878016508595j),6082111111
(0.3792359814097281-0.8418481387624857j),(-0.005351013369411329+0.0021160776118003526j),6088000000
(0.27487221347097796-0.906928897211038j),(-0.0049144529490013685+0.002707486014617942j),6093888888
(0.16248850399564252-0.9506396435148536j),(-0.003747405821758437+0.003221889347807315j),6099777777
(0.010486005491212664-0.9787657118520883j),(-0.0031786839960985767+0.0032343949179253146j),6105666666
(-0.11386276274637354-0.9882053681958991j),(-0.002475543063546998+0.00355417947886288j),6111555555
(-0.25270818928329614-0.9765885326864773j),(-0.001960602853989146+0.004079214263967276j),6117444444
(-0.3942493646527231-0.9359221353330344j),(-0.0006756569139881939+0.003953634126734779j),6123333333
(-0.522601607424184-0.8952608653403108j),(0.00012651772158878168+0.0039272615488065085j),6129222222
(-0.6243030046074346-0.8354721774573601j),(0.0003171496189369225+0.0050091152686637845j),6135111111
(-0.7438436686556275-0.7472485438877225j),(0.0013159667265531545+0.004476885672165577j),6141000000
(-0.8166015355276522-0.6641361343819906j),(0.0021635239166467647+0.003604303883440746j),6146888888
(-0.8928004322588172-0.5722933966843241j),(0.002205582692677158+0.003096390612579165j),6152777777
(-0.9557772418556407-0.45707559592714375j),(0.00341926015453282+0.002740053357605256j),6158666666
(-1.0042638540564888-0.3285530700483395j),(0.00340207942108076+0.0034166882913992318j),6164555555
(-1.026210462627703-0.22110592268719698j),(0.0033753718361561264+0.0021646355833829923j),6170444444
(-1.0426305534759766-0.10102566617980296j),(0.0038828068346955322+0.002069780000643036j),6176333333
(-1.0371276496439714+0.01253950272766859j),(0.0045859266381387135+0.0019047291992967525j),6182222222
(-1.0141547282537495+0.12258546062034952j),(0.003668759042063975+0.001047519704518309j),6188111111
(-0.9853664793669075+0.22987433032569968j),(0.004881784545337476+0.0005077280608155744j),6194000000
(-0.9413429973402555+0.3136465129031768j),(0.004785110978300292+8.238730360717408e-05j),6199888888
(-0.8847229648748962+0.4095583326325093j),(0.004862058211646741-1.2755172995013533e-05j),6205777777
(-0.8192111585822796+0.48225402492802333j),(0.004220713760199216-0.0010378478772239317j),6211666666
(-0.74152874596868+0.5595244560963485j),(0.004307179766361534-0.0012024008209240388j),6217555555
(-0.6590129281385451+0.6171290191591705j),(0.004646945880545841-0.0009389718687385222j),6223444444
(-0.5765929885159886+0.6695927939992726j),(0.004169762679452681-0.001216959343834j),6229333333
(-0.4800838059076135+0.6957356516500509j),(0.00328184247090575-0.0015442561418744594j),6235222222
(-0.38213484772672457+0.7245441541290225j),(0.004288943158808074-0.002050006355070317j),6241111111
(-0.27948514156340776+0.7338249368692252j),(0.003402769457162002-0.002500268167669526j),6247000000
(-0.17630448967351908+0.7372207003586891j),(0.003282564657434011-0.0008817528498425449j),6252888888
(-0.06932397412886855+0.7258132182346085j),(0.0037939883568541017-0.0024827487266342947j),6258777777
(0.03468424055012323+0.6929748020751525j),(0.002324916575424356-0.002576734275365319j),6264666666
(0.14102064373096726+0.648371439161562j),(0.002858001286922132-0.0024216628976444486j),6270555555
(0.2439914058786891+0.5905004715337734j),(0.0024384217813091724-0.002059862098938275j),6276444444
(0.3402046026496037+0.5178229831694615j),(0.0018764396314045948-0.001642101827372496j),6282333333
(0.42761829967517423+0.4232912837729057j),(0.002325206371613456-0.001879823927522868j),6288222222
(0.5123200298264986+0.3140091906397544j),(0.001764718355848358-0.0014607387796475334j),6294111111
(0.5680997861008793+0.20052411562621258j),(0.0003067431223744523-0.0017874460022307718j),6300000000
